symbol,signal_date,entry_date,entry,stop,target,shares,partial_date,partial_exit,exit_date,exit,reason,bars_held,R,pnl,setup,adr_pct,rr_planned,chase_adr,resolution
FUTU,2021-04-28,2021-04-28,148.17,138.03,153.52,98,,,2021-05-03,137.96,stop,3,-1.01,-1000.42,unr_ema8,9.48,2.88,0.47,exact
SNAP,2021-04-29,2021-04-29,62.31,60.42,63.2,527,,,2021-05-03,60.39,stop,2,-1.02,-1010.08,unr_ema8,5.32,5.5,0.46,exact
NET,2021-04-30,2021-04-30,84.78,82.5,88.04,434,,,2021-05-03,82.46,stop,1,-1.02,-1009.64,unr_pdl,5.2,5.39,0.36,exact
NET,2021-05-03,2021-05-03,84.1,82.01,88.04,462,,,2021-05-04,81.45,stop_gap,1,-1.27,-1225.58,unr_pdl,5.18,7.83,0.35,exact
DDOG,2021-05-25,2021-05-25,89.62,88.21,93.99,646,,,2021-06-03,88.17,stop,6,-1.03,-942.86,unr_pdl,5.09,10.55,0.22,exact
DASH,2021-05-26,2021-05-26,141.93,135.91,140.9,4,,,2021-06-03,139.04,trail_ema,5,-0.48,-11.56,unr_ema8,7.38,2.39,0.47,exact
GME,2021-05-20,2021-05-20,42.64,41.55,43.8,874,,,2021-06-10,55.07,trail_ema,14,11.34,10860.45,unr_ema8,9.06,5.07,0.2,exact
SNOW,2021-06-03,2021-06-03,238.55,232.79,241.22,11,,,2021-06-11,240.48,trail_ema,6,0.34,21.24,unr_ema8,5.43,1.03,0.13,exact
SOFI,2021-06-10,2021-06-10,23.03,21.35,24.95,674,,,2021-06-14,21.81,trail_ema,2,-0.73,-823.91,unr_pdl,8.39,3.09,0.49,exact
LCID,2021-06-11,2021-06-11,251.53,246.31,278.8,139,,,2021-06-14,246.19,stop,1,-1.02,-741.46,unr_ema8,6.4,40.59,0.31,exact
PLUG,2021-06-11,2021-06-11,31.87,31.18,34.38,11,,,2021-06-14,31.17,stop,1,-1.02,-7.69,unr_ema8,6.27,8.12,0.18,exact
MARA,2021-06-16,2021-06-16,29.98,28.83,39.68,978,,,2021-06-18,28.82,stop,2,-1.01,-1139.93,unr_pdl,9.02,92.36,0.48,exact
RIOT,2021-06-16,2021-06-16,34.22,33.08,44.15,577,,,2021-06-18,33.06,stop,2,-1.01,-667.07,unr_pdl,9.85,14.12,0.15,exact
AFRM,2021-06-16,2021-06-16,67.44,65.47,79.3,3,,,2021-06-21,65.44,stop,3,-1.02,-6.01,unr_pdl,6.13,16.11,0.32,exact
NET,2021-06-03,2021-06-03,81.96,80.26,88.04,669,,,2021-06-24,104.52,time_stop,15,13.26,15090.47,unr_ema8,5.38,10.74,0.26,exact
MSTR,2021-06-24,2021-06-24,58.22,55.94,64.76,528,,,2021-06-25,55.92,stop,1,-1.01,-1214.89,unr_ema8,6.0,4.04,0.16,exact
CELH,2021-06-25,2021-06-25,24.14,23.26,27.67,1368,,,2021-07-02,24.11,trail_ema,5,-0.03,-37.56,unr_pdl,6.69,7.17,0.21,exact
LCID,2021-06-22,2021-06-22,234.32,223.74,243.3,86,,,2021-07-06,263.67,trail_ema,9,2.78,2524.19,unr_pdl,6.78,4.2,0.44,exact
FUTU,2021-07-02,2021-07-02,156.04,151.73,157.48,209,,,2021-07-06,141.57,stop_gap,1,-3.36,-3024.44,unr_pdl,6.33,1.2,0.17,exact
MRNA,2021-06-21,2021-06-21,208.34,199.48,227.71,129,,,2021-07-07,221.79,trail_ema,11,1.52,1734.39,unr_ema8,5.37,4.77,0.37,exact
XPEV,2021-06-25,2021-06-25,42.18,40.66,45.75,785,,,2021-07-07,40.64,stop,7,-1.01,-1206.89,unr_ema8,5.64,4.27,0.25,exact
AFRM,2021-06-30,2021-06-30,67.38,65.12,70.81,44,,,2021-07-07,65.08,stop,4,-1.01,-101.15,unr_ema8,5.79,6.7,0.41,exact
PLUG,2021-07-06,2021-07-06,32.88,31.93,34.24,1272,,,2021-07-07,31.91,stop,1,-1.02,-1223.09,unr_pdl,5.72,5.61,0.33,exact
RUN,2021-07-06,2021-07-06,56.6,55.42,59.94,189,,,2021-07-07,55.4,stop,1,-1.02,-227.07,unr_pdl,6.15,10.72,0.25,exact
MSTR,2021-07-07,2021-07-07,64.02,62.14,64.76,608,,,2021-07-08,60.27,stop_gap,1,-1.99,-2278.87,unr_ema8,6.57,1.82,0.25,exact
RUN,2021-07-08,2021-07-08,52.73,49.11,59.94,310,,,2021-07-09,52.55,trail_ema,1,-0.05,-53.52,unr_ema21,6.4,2.34,0.11,exact
MSTR,2021-07-08,2021-07-08,61.87,59.29,64.76,434,,,2021-07-12,59.26,stop,2,-1.01,-1134.24,unr_ema21,6.17,5.48,0.48,exact
AFRM,2021-07-09,2021-07-09,67.28,63.72,69.79,318,,,2021-07-12,64.97,trail_ema,1,-0.65,-736.53,unr_ema8,5.46,1.39,0.28,exact
TTD,2021-07-08,2021-07-08,76.15,73.03,81.25,360,,,2021-07-13,76.46,trail_ema,3,0.1,112.93,unr_ema8,5.03,1.96,0.09,exact
RUN,2021-07-09,2021-07-09,52.61,51.27,59.94,689,,,2021-07-13,53.23,trail_ema,2,0.47,432.06,unr_ema21,6.27,6.86,0.07,exact
LCID,2021-07-12,2021-07-12,268.63,256.33,278.8,91,,,2021-07-13,258.97,trail_ema,1,-0.79,-879.41,unr_ema8,6.29,3.71,0.48,exact
LI,2021-07-12,2021-07-12,32.83,31.67,36.66,665,,,2021-07-14,31.66,stop,2,-1.01,-778.29,unr_ema8,6.44,5.05,0.16,exact
NTLA,2021-07-19,2021-07-19,139.01,130.19,202.73,123,,,2021-07-23,137.64,trail_ema,4,-0.16,-168.3,unr_pdl,9.8,16.52,0.35,exact
MRNA,2021-07-09,2021-07-09,232.93,223.71,245.7,1,,,2021-07-30,353.42,time_stop,15,13.08,120.5,unr_ema8,5.38,2.79,0.29,exact
RUN,2021-07-30,2021-07-30,53.0,51.08,53.42,570,,,2021-08-02,51.06,stop,1,-1.01,-1106.11,unr_pdl,6.4,2.15,0.36,exact
MSTR,2021-07-30,2021-07-30,62.63,60.52,64.76,516,,,2021-08-03,60.49,stop,2,-1.01,-1107.73,unr_pdl,6.1,1.99,0.19,exact
RUN,2021-08-03,2021-08-03,53.62,51.84,53.42,602,,,2021-08-05,51.81,stop,2,-1.01,-1085.35,unr_ema8,6.5,8.33,0.49,exact
LI,2021-08-03,2021-08-03,32.56,31.5,34.22,350,,,2021-08-05,31.48,stop,2,-1.01,-375.96,unr_ema8,7.53,6.48,0.3,exact
RIOT,2021-08-04,2021-08-04,32.73,31.64,34.72,3,,,2021-08-05,31.63,stop,1,-1.01,-3.3,unr_ema8,7.27,7.19,0.32,exact
XPEV,2021-08-03,2021-08-03,42.78,41.39,44.42,769,,,2021-08-06,41.37,stop,3,-1.01,-1084.96,unr_pdl,6.73,6.23,0.37,exact
RUN,2021-08-05,2021-08-05,53.48,51.68,53.42,610,,,2021-08-06,50.71,stop_gap,1,-1.53,-1684.88,unr_pdl,5.92,2.6,0.44,exact
NIO,2021-08-05,2021-08-05,45.62,43.9,46.78,210,,,2021-08-06,43.88,stop,1,-1.01,-366.84,unr_pdl,5.75,3.35,0.43,exact
NIO,2021-08-09,2021-08-09,45.23,43.58,46.78,661,,,2021-08-10,44.2,trail_ema,1,-0.63,-683.95,unr_ema8,5.71,2.18,0.26,exact
XPEV,2021-08-09,2021-08-09,42.39,40.99,44.42,780,,,2021-08-12,40.97,stop,3,-1.01,-1108.85,unr_ema8,6.23,3.31,0.24,exact
NTLA,2021-08-11,2021-08-11,159.78,150.22,178.0,112,,,2021-08-13,155.31,trail_ema,2,-0.47,-500.36,unr_pdl,8.22,5.25,0.44,exact
RIOT,2021-08-12,2021-08-12,36.85,34.57,40.34,463,,,2021-08-13,35.79,trail_ema,1,-0.46,-489.08,unr_ema8,8.05,3.36,0.37,exact
MSTR,2021-08-03,2021-08-03,62.54,60.33,64.76,485,,,2021-08-16,69.72,trail_ema,9,3.26,3481.75,unr_pdl,6.22,2.77,0.28,exact
RIOT,2021-08-16,2021-08-16,35.85,34.48,40.34,752,,,2021-08-17,34.46,stop,1,-1.01,-1043.8,unr_pdl,8.29,4.0,0.07,exact
NTLA,2021-08-16,2021-08-16,152.73,147.59,154.55,200,,,2021-08-17,147.52,stop,1,-1.01,-1041.5,unr_ema21,8.11,5.85,0.35,exact
AMD,2021-08-17,2021-08-17,107.61,105.09,122.49,400,,,2021-08-18,105.04,stop,1,-1.02,-1029.72,unr_pdl,5.07,21.36,0.33,exact
NTLA,2021-08-17,2021-08-17,153.53,146.79,154.55,149,,,2021-08-18,152.35,trail_ema,1,-0.17,-174.77,unr_pdl,7.88,4.61,0.47,exact
MRNA,2021-08-17,2021-08-17,402.06,356.79,497.49,22,,,2021-08-19,375.34,trail_ema,2,-0.59,-587.81,unr_ema8,9.7,2.46,0.13,exact
MRNA,2021-08-23,2021-08-23,412.1,384.04,413.3,35,,,2021-08-24,394.74,trail_ema,1,-0.62,-607.37,unr_ema8,9.27,1.59,0.48,exact
NTLA,2021-08-20,2021-08-20,149.39,139.89,154.55,104,,,2021-08-26,154.4,trail_ema,4,0.53,520.84,unr_pdl,7.82,2.82,0.5,exact
MSTR,2021-08-24,2021-08-24,71.59,68.93,79.8,375,,,2021-08-26,69.33,trail_ema,2,-0.85,-845.42,unr_pdl,5.82,4.23,0.14,exact
MRNA,2021-08-26,2021-08-26,400.5,390.44,413.3,97,,,2021-08-27,390.24,stop,1,-1.02,-995.24,unr_ema8,9.02,2.58,0.1,exact
MSTR,2021-08-27,2021-08-27,70.76,69.32,74.78,532,,,2021-08-30,70.26,trail_ema,1,-0.34,-261.48,unr_ema8,5.56,3.33,0.04,exact
RIOT,2021-08-30,2021-08-30,37.72,36.57,40.8,848,,,2021-08-31,36.55,stop,1,-1.02,-991.41,unr_ema8,7.73,27.85,0.37,exact
RIOT,2021-08-31,2021-08-31,37.34,36.41,40.8,966,,,2021-09-01,36.39,stop,1,-1.02,-914.5,unr_pdl,7.55,14.15,0.24,exact
AMD,2021-08-23,2021-08-23,108.82,104.59,111.71,236,,,2021-09-02,109.15,trail_ema,8,0.08,75.76,unr_ema8,5.32,2.74,0.42,exact
GME,2021-09-02,2021-09-02,53.41,51.4,56.75,492,,,2021-09-03,51.37,stop,1,-1.01,-1000.5,unr_pdl,8.06,7.83,0.39,exact
NTLA,2021-08-31,2021-08-31,160.61,152.62,178.0,2,,,2021-09-07,163.17,trail_ema,4,0.32,5.12,unr_ema8,7.61,4.87,0.32,exact
AFRM,2021-08-27,2021-08-27,67.93,65.89,68.78,5,,,2021-09-08,87.5,trail_ema,7,9.58,97.81,unr_ema21,6.59,8.52,0.41,exact
GME,2021-09-08,2021-09-08,49.72,47.48,56.75,460,,,2021-09-09,45.0,stop_gap,1,-2.11,-2173.44,unr_pdl,8.23,5.01,0.18,exact
PDD,2021-09-09,2021-09-09,104.33,101.02,109.79,312,,,2021-09-13,100.97,stop,2,-1.02,-1049.49,unr_pdl,5.36,4.8,0.36,exact
PDD,2021-09-13,2021-09-13,104.21,98.85,109.79,101,,,2021-09-14,101.73,trail_ema,1,-0.46,-250.78,unr_pdl,5.48,1.57,0.21,exact
GME,2021-09-13,2021-09-13,50.88,47.67,56.75,2,,,2021-09-14,49.79,trail_ema,1,-0.34,-2.18,unr_ema8,9.12,2.92,0.21,exact
APP,2021-09-09,2021-09-09,71.13,68.21,77.03,355,,,2021-09-15,73.53,trail_ema,4,0.83,854.72,unr_ema21,6.61,3.1,0.17,exact
UPST,2021-08-26,2021-08-26,216.86,210.57,220.11,155,,,2021-09-17,303.17,time_stop,15,13.73,13378.05,unr_pdl,8.16,1.71,0.2,exact
MRNA,2021-09-15,2021-09-15,434.68,421.05,464.85,74,,,2021-09-17,420.84,stop,2,-1.02,-1023.79,unr_ema8,5.6,6.08,0.33,exact
MRNA,2021-09-17,2021-09-17,430.27,405.75,464.85,42,,,2021-09-20,423.12,trail_ema,1,-0.29,-300.16,unr_pdl,5.62,1.54,0.05,exact
TGTX,2021-09-13,2021-09-13,30.1,28.67,31.82,717,,,2021-10-04,32.19,trail_ema,15,1.48,1504.88,unr_pdl,5.95,2.43,0.32,exact
LCID,2021-10-21,2021-10-21,244.72,239.73,256.6,210,,,2021-10-22,239.61,stop,1,-1.02,-1074.45,unr_pdl,5.62,9.08,0.24,exact
UPST,2021-10-25,2021-10-25,359.99,344.46,401.49,68,,,2021-10-26,344.29,stop,1,-1.01,-1067.62,unr_ema8,6.43,4.55,0.24,exact
PLUG,2021-10-22,2021-10-22,32.72,31.88,34.0,1244,,,2021-11-05,38.35,trail_ema,10,6.73,7009.27,unr_ema8,5.72,8.51,0.37,exact
RUN,2021-11-04,2021-11-04,57.78,55.92,59.87,154,,,2021-11-05,55.89,stop,1,-1.02,-290.38,unr_ema8,5.48,5.57,0.44,exact
CELH,2021-10-28,2021-10-28,32.6,31.45,33.05,945,,,2021-11-09,33.82,trail_ema,8,1.06,1156.17,unr_pdl,5.81,3.19,0.42,exact
AFRM,2021-11-02,2021-11-02,155.97,148.08,160.69,145,,,2021-11-09,157.71,trail_ema,5,0.22,252.76,unr_pdl,8.1,3.67,0.46,exact
PLUG,2021-11-09,2021-11-09,40.74,38.83,42.95,619,,,2021-11-10,38.72,stop_gap,1,-1.06,-1250.21,unr_pdl,6.13,3.26,0.43,exact
CLSK,2021-11-11,2021-11-11,21.48,20.25,23.6,960,,,2021-11-15,20.68,trail_ema,2,-0.65,-769.03,unr_ema8,8.2,3.45,0.3,exact
MSTR,2021-11-12,2021-11-12,81.21,78.39,84.1,259,,,2021-11-15,78.35,stop,1,-1.01,-742.06,unr_pdl,5.27,1.47,0.12,exact
COIN,2021-11-12,2021-11-12,343.15,331.75,368.9,103,,,2021-11-16,331.58,stop,2,-1.01,-1191.65,unr_ema8,5.16,4.17,0.25,exact
SOFI,2021-11-12,2021-11-12,22.77,22.11,23.63,10,,,2021-11-16,22.1,stop,2,-1.02,-6.76,unr_pdl,6.16,2.09,0.13,exact
RUN,2021-11-15,2021-11-15,57.99,56.97,59.87,205,,,2021-11-16,56.94,stop,1,-1.03,-214.76,unr_ema8,5.58,11.46,0.25,exact
FCEL,2021-11-05,2021-11-05,268.63,259.31,267.9,122,,,2021-11-17,307.05,trail_ema,8,4.12,4686.28,unr_ema8,9.51,1.02,0.23,exact
HUT,2021-11-16,2021-11-16,69.53,66.58,82.85,390,,,2021-11-17,66.54,stop,1,-1.01,-1166.79,unr_ema21,9.85,8.56,0.19,exact
XPEV,2021-11-18,2021-11-18,47.29,45.75,49.49,736,,,2021-11-19,46.87,trail_ema,1,-0.28,-314.33,unr_ema21,5.52,11.17,0.48,exact
GME,2021-11-15,2021-11-15,52.31,50.25,63.92,3,,,2021-11-23,53.45,trail_ema,6,0.55,3.41,unr_ema8,7.18,11.53,0.27,exact
AMC,2021-11-19,2021-11-19,408.9,395.36,417.8,84,,,2021-11-23,395.16,stop,2,-1.01,-1154.44,unr_pdl,6.46,8.19,0.44,exact
TSLA,2021-11-17,2021-11-17,363.18,350.82,414.5,90,,,2021-11-26,360.46,trail_ema,6,-0.22,-245.26,unr_ema8,5.89,8.68,0.28,exact
TTD,2021-11-22,2021-11-22,103.32,98.43,114.09,143,,,2021-11-30,103.37,trail_ema,5,0.01,6.67,unr_ema8,6.3,3.04,0.17,exact
ENVX,2021-11-15,2021-11-15,32.63,31.29,34.8,861,,,2021-12-01,33.03,trail_ema,11,0.3,350.57,unr_pdl,9.2,9.2,0.4,exact
TSLA,2021-11-29,2021-11-29,379.19,365.68,400.65,82,,,2021-12-01,365.5,stop,2,-1.01,-1122.64,unr_ema8,5.9,6.97,0.42,exact
NVDA,2021-11-30,2021-11-30,32.62,31.72,32.24,1226,,,2021-12-01,31.7,stop,1,-1.02,-1130.5,unr_pdl,5.37,1.09,0.4,exact
NVDA,2021-12-02,2021-12-02,32.08,30.88,32.24,892,,,2021-12-03,30.86,stop,1,-1.01,-1083.57,unr_pdl,5.64,2.11,0.44,exact
AMD,2021-12-02,2021-12-02,150.76,146.08,155.65,228,,,2021-12-03,146.01,stop,1,-1.02,-1082.15,unr_pdl,5.35,2.37,0.23,exact
ENVX,2021-12-02,2021-12-02,33.73,32.25,34.8,722,,,2021-12-03,32.23,stop,1,-1.01,-1080.73,unr_pdl,9.75,4.4,0.32,exact
NVDA,2021-12-08,2021-12-08,31.78,31.28,32.24,2086,,,2021-12-09,31.27,stop,1,-1.03,-1070.01,unr_ema8,5.08,2.41,0.13,exact
SNOW,2021-12-15,2021-12-15,360.52,343.9,375.0,61,,,2021-12-16,343.73,stop,1,-1.01,-1024.1,unr_ema8,6.42,1.24,0.12,exact
NVDA,2021-12-29,2021-12-29,29.96,29.23,31.1,1393,,,2021-12-30,29.51,trail_ema,1,-0.61,-618.37,unr_ema8,5.57,2.62,0.12,exact
TSLA,2021-12-29,2021-12-29,362.24,353.82,390.95,98,,,2021-12-30,353.6,stop_gap,1,-1.03,-847.17,unr_pdl,5.47,5.56,0.14,exact
TTD,2021-12-30,2021-12-30,94.32,91.56,98.6,363,,,2021-12-31,91.59,trail_ema,1,-0.99,-988.43,unr_ema8,5.55,2.1,0.09,exact
DDOG,2021-12-29,2021-12-29,179.8,172.14,185.95,132,,,2022-01-03,172.05,stop,3,-1.01,-1022.94,unr_pdl,6.99,2.33,0.3,exact
APP,2021-12-30,2021-12-30,94.04,90.24,96.98,263,,,2022-01-04,90.19,stop,3,-1.01,-1010.83,unr_ema8,6.71,2.02,0.26,exact
LI,2022-01-03,2022-01-03,32.36,31.26,32.86,918,,,2022-01-04,31.25,stop,1,-1.01,-1017.52,unr_pdl,5.87,5.72,0.48,exact
TSLA,2021-12-30,2021-12-30,356.96,350.19,390.95,48,,,2022-01-05,362.53,trail_ema,4,0.82,267.21,unr_pdl,5.3,8.0,0.12,exact
TSLA,2022-01-06,2022-01-06,355.08,339.26,373.0,60,,,2022-01-07,339.09,stop,1,-1.01,-958.97,unr_ema21,5.4,1.31,0.06,exact
XPEV,2022-01-06,2022-01-06,46.68,45.13,50.4,619,,,2022-01-07,45.1,stop,1,-1.01,-977.45,unr_pdl,6.09,5.18,0.26,exact
TSLA,2022-01-11,2022-01-11,354.98,345.34,373.0,98,,,2022-01-13,345.17,stop,2,-1.02,-961.2,unr_ema21,5.56,2.61,0.1,exact
MARA,2022-03-23,2022-03-23,29.26,28.4,31.44,761,,,2022-03-24,28.38,stop,1,-1.02,-671.71,unr_pdl,9.82,6.54,0.2,exact
CRSP,2022-03-24,2022-03-24,64.43,61.35,66.5,314,,,2022-03-25,62.11,trail_ema,1,-0.75,-729.51,unr_pdl,7.1,1.37,0.21,exact
BABA,2022-03-24,2022-03-24,108.42,103.98,120.45,12,,,2022-03-25,103.92,stop,1,-1.01,-53.91,unr_pdl,6.93,6.99,0.37,exact
RUN,2022-03-25,2022-03-25,31.34,30.25,31.9,657,,,2022-03-30,30.94,trail_ema,3,-0.36,-256.98,unr_ema8,8.04,1.18,0.14,exact
RIOT,2022-03-23,2022-03-23,20.85,19.87,20.83,11,,,2022-03-31,21.16,trail_ema,6,0.31,3.4,unr_pdl,9.58,1.82,0.42,exact
MRVL,2022-03-28,2022-03-28,73.12,70.57,73.89,3,,,2022-03-31,70.54,stop,3,-1.01,-7.74,unr_pdl,5.94,1.69,0.34,exact
FSLR,2022-03-21,2022-03-21,77.43,75.75,78.87,558,,,2022-04-05,80.29,trail_ema,11,1.71,1596.52,unr_pdl,5.62,1.2,0.06,exact
DDOG,2022-03-31,2022-03-31,151.55,147.48,166.99,135,,,2022-04-05,147.41,stop,3,-1.02,-558.92,unr_pdl,7.98,17.39,0.28,exact
MARA,2022-04-01,2022-04-01,28.55,27.26,31.44,11,,,2022-04-05,27.25,stop,2,-1.01,-14.39,unr_pdl,8.76,5.33,0.28,exact
PLUG,2022-03-21,2022-03-21,25.82,24.95,25.81,1077,,,2022-04-06,28.28,trail_ema,12,2.83,2641.83,unr_pdl,8.49,1.11,0.24,exact
DASH,2022-04-06,2022-04-06,113.66,106.16,116.0,127,,,2022-04-07,110.85,trail_ema,1,-0.37,-355.89,unr_ema21,8.6,1.3,0.37,exact
LI,2022-04-06,2022-04-06,27.53,26.64,28.9,1069,,,2022-04-07,26.63,stop,1,-1.01,-968.56,unr_ema8,8.45,2.42,0.11,exact
CRWD,2022-04-07,2022-04-07,54.28,52.43,58.22,508,,,2022-04-08,54.53,trail_ema,1,0.13,122.22,unr_ema21,5.46,10.09,0.47,exact
RBLX,2022-07-19,2022-07-19,39.87,38.01,44.5,508,,,2022-07-22,39.38,trail_ema,3,-0.26,-248.73,unr_pdl,8.44,4.71,0.24,exact
MRNA,2022-07-19,2022-07-19,167.22,160.78,180.73,146,,,2022-07-22,163.44,trail_ema,3,-0.59,-552.66,unr_pdl,6.64,10.19,0.46,exact
CRWD,2022-07-19,2022-07-19,45.16,43.51,45.47,569,,,2022-07-26,43.48,stop,5,-1.01,-953.85,unr_pdl,5.54,1.93,0.4,exact
RBLX,2022-07-25,2022-07-25,39.86,37.6,44.5,425,,,2022-07-26,38.98,trail_ema,1,-0.39,-373.75,unr_pdl,7.8,4.26,0.33,exact
MRNA,2022-07-25,2022-07-25,165.77,158.64,180.73,76,,,2022-07-26,160.82,trail_ema,1,-0.69,-376.45,unr_pdl,6.29,6.91,0.44,exact
NTLA,2022-07-25,2022-07-25,65.5,61.12,71.96,219,,,2022-07-29,64.73,trail_ema,4,-0.18,-169.75,unr_pdl,7.99,2.5,0.27,exact
NTLA,2022-07-29,2022-07-29,64.79,62.59,71.96,216,,,2022-08-01,62.55,stop,1,-1.01,-483.36,unr_pdl,7.81,3.65,0.03,exact
CRSP,2022-08-04,2022-08-04,78.95,75.77,80.91,171,,,2022-08-05,75.74,stop,1,-1.01,-549.39,unr_pdl,6.47,1.64,0.24,exact
CELH,2022-07-19,2022-07-19,25.14,24.3,26.78,941,,,2022-08-09,31.11,trail_ema,15,7.1,5619.53,unr_pdl,7.61,2.48,0.07,exact
RIVN,2022-07-26,2022-07-26,31.71,30.76,32.79,801,,,2022-08-15,37.26,trail_ema,14,5.89,4449.97,unr_pdl,6.71,3.63,0.25,exact
RBLX,2022-07-26,2022-07-26,39.02,37.72,44.5,720,,,2022-08-16,47.74,trail_ema,15,6.7,6275.96,unr_ema21,7.69,36.01,0.39,exact
NTLA,2022-08-10,2022-08-10,66.57,61.12,69.34,7,,,2022-08-16,64.14,trail_ema,4,-0.45,-17.05,unr_ema8,7.16,1.4,0.45,exact
SHOP,2022-08-15,2022-08-15,39.86,38.71,40.68,741,,,2022-08-16,38.69,stop,1,-1.02,-868.32,unr_pdl,8.45,1.19,0.08,exact
CRSP,2022-08-15,2022-08-15,80.18,76.83,80.91,3,,,2022-08-16,76.79,stop,1,-1.01,-10.17,unr_ema8,6.09,1.24,0.32,exact
GME,2022-08-15,2022-08-15,39.7,38.68,40.41,2,,,2022-08-16,38.66,stop,1,-1.02,-2.08,unr_pdl,7.18,2.66,0.2,exact
MSTR,2022-07-27,2022-07-27,26.25,24.02,27.29,10,,,2022-08-17,32.5,trail_ema,15,2.8,62.51,unr_ema8,9.8,1.18,0.35,exact
DDOG,2022-08-09,2022-08-09,109.81,107.16,112.58,382,,,2022-08-17,109.96,trail_ema,6,0.06,57.34,unr_ema8,6.94,4.43,0.24,exact
SNOW,2022-08-16,2022-08-16,167.43,158.27,179.95,117,,,2022-08-17,158.19,stop,1,-1.01,-1081.16,unr_pdl,6.26,1.6,0.08,exact
RUN,2022-08-16,2022-08-16,35.11,34.02,37.76,992,,,2022-08-17,34.01,stop,1,-1.02,-1091.37,unr_pdl,7.84,2.64,0.02,exact
DDOG,2022-08-17,2022-08-17,110.08,107.98,112.58,497,,,2022-08-18,109.4,trail_ema,1,-0.33,-337.83,unr_pdl,6.06,1.9,0.07,exact
SNOW,2022-08-17,2022-08-17,161.37,156.61,161.3,218,,,2022-08-18,161.67,trail_ema,1,0.06,65.07,unr_pdl,6.17,1.2,0.28,exact
MSTR,2022-08-18,2022-08-18,32.45,31.74,36.2,1443,,,2022-08-19,29.93,stop_gap,1,-3.52,-3646.74,unr_pdl,7.35,15.05,0.2,exact
SNOW,2022-08-18,2022-08-18,161.83,159.05,161.3,347,,,2022-08-19,158.97,stop,1,-1.03,-993.86,unr_ema21,6.05,2.56,0.23,exact
RIVN,2022-08-18,2022-08-18,35.92,34.91,40.56,19,,,2022-08-19,34.89,stop,1,-1.02,-19.5,unr_ema21,5.82,7.27,0.15,exact
PLUG,2022-08-22,2022-08-22,26.39,25.39,31.11,987,,,2022-08-23,26.11,trail_ema,1,-0.29,-282.53,unr_pdl,6.64,5.43,0.06,exact
TOST,2022-08-22,2022-08-22,18.18,17.58,21.76,1643,,,2022-08-23,18.43,trail_ema,1,0.42,413.54,unr_pdl,6.91,9.63,0.17,exact
TTD,2022-08-25,2022-08-25,66.26,63.71,76.75,395,,,2022-08-26,63.68,stop,1,-1.01,-1020.66,unr_ema8,5.47,5.35,0.15,exact
PLUG,2022-08-24,2022-08-24,27.53,26.14,31.11,709,,,2022-08-31,28.03,trail_ema,5,0.35,348.98,unr_ema8,6.71,3.69,0.19,exact
RIVN,2022-10-31,2022-10-31,34.99,33.86,37.39,875,,,2022-11-01,33.85,stop,1,-1.02,-998.99,unr_pdl,6.83,13.87,0.41,exact
CELH,2022-10-31,2022-10-31,30.38,29.5,31.41,1129,,,2022-11-02,29.49,stop,2,-1.02,-1000.9,unr_ema8,6.83,6.99,0.32,exact
MSTR,2022-11-07,2022-11-07,26.68,25.9,29.0,1248,,,2022-11-08,24.79,stop_gap,1,-2.44,-2358.39,unr_ema8,8.15,12.93,0.28,exact
SHOP,2022-11-08,2022-11-08,32.82,31.56,36.4,750,,,2022-11-09,31.55,stop,1,-1.01,-952.52,unr_ema8,6.6,3.44,0.08,exact
TCOM,2022-11-08,2022-11-08,27.05,26.14,27.58,1031,,,2022-11-09,25.83,stop_gap,1,-1.34,-1258.48,unr_pdl,5.4,1.08,0.17,exact
TOST,2022-11-15,2022-11-15,20.46,19.49,23.0,1045,,,2022-11-16,19.48,stop,1,-1.01,-1026.72,unr_ema8,7.45,5.14,0.27,exact
DASH,2022-11-18,2022-11-18,58.32,56.59,65.49,576,,,2022-11-21,56.56,stop,1,-1.02,-1012.54,unr_pdl,7.24,5.01,0.06,exact
TCOM,2022-11-18,2022-11-18,28.23,27.74,28.44,287,,,2022-11-21,27.1,stop_gap,1,-2.3,-322.11,unr_ema8,5.27,1.74,0.16,exact
AMD,2022-11-21,2022-11-21,72.5,71.4,79.16,552,,,2022-11-28,73.15,trail_ema,4,0.6,362.76,unr_pdl,5.27,8.98,0.08,exact
FSLR,2022-11-14,2022-11-14,153.71,147.36,161.64,153,,,2022-11-29,161.73,trail_ema,10,1.26,1227.41,unr_pdl,5.7,4.25,0.46,exact
RUN,2022-11-21,2022-11-21,30.48,28.84,31.32,13,,,2022-11-29,30.72,trail_ema,5,0.15,3.24,unr_pdl,8.64,2.5,0.43,exact
FUTU,2022-11-08,2022-11-08,38.48,37.07,39.25,665,,,2022-11-30,59.1,time_stop,15,14.58,13708.82,unr_pdl,5.39,2.34,0.42,exact
MRNA,2022-11-30,2022-11-30,176.0,168.62,188.65,142,,,2022-12-05,175.84,trail_ema,3,-0.02,-22.14,unr_pdl,5.45,5.88,0.5,exact
SHOP,2022-12-07,2022-12-07,38.51,37.61,41.73,1159,,,2022-12-08,37.59,stop,1,-1.02,-1069.71,unr_ema21,6.21,21.38,0.3,exact
SHOP,2022-12-08,2022-12-08,38.66,36.44,41.73,475,,,2022-12-09,38.36,trail_ema,1,-0.13,-141.79,unr_pdl,6.24,3.14,0.39,exact
CELH,2022-12-07,2022-12-07,37.14,35.69,39.91,722,,,2022-12-15,35.67,stop,6,-1.01,-1060.09,unr_ema8,7.77,2.43,0.08,exact
FUTU,2022-12-12,2022-12-12,62.91,61.12,67.81,586,,,2022-12-16,63.88,trail_ema,4,0.55,571.39,unr_ema8,6.58,5.71,0.22,exact
LI,2022-12-21,2022-12-21,20.81,19.6,21.75,855,,,2022-12-22,20.42,trail_ema,1,-0.32,-333.97,unr_ema8,7.58,1.18,0.14,exact
SHOP,2023-01-11,2023-01-11,36.46,35.69,41.73,1339,,,2023-01-12,35.67,stop,1,-1.02,-1051.53,unr_pdl,5.07,16.29,0.22,exact
CRSP,2023-01-25,2023-01-25,50.78,49.17,54.16,633,,,2023-01-30,49.94,trail_ema,3,-0.52,-531.95,unr_pdl,5.61,2.39,0.04,exact
FUTU,2023-01-26,2023-01-26,52.44,50.13,51.29,439,,,2023-01-30,49.73,stop_gap,2,-1.17,-1191.69,unr_pdl,8.57,1.43,0.48,exact
DDOG,2023-01-31,2023-01-31,74.85,72.61,76.6,455,,,2023-02-06,76.92,trail_ema,4,0.93,943.72,unr_ema8,5.97,2.28,0.24,exact
SNOW,2023-01-31,2023-01-31,156.52,150.82,162.7,178,,,2023-02-06,157.99,trail_ema,4,0.26,262.15,unr_pdl,5.77,4.96,0.46,exact
GME,2023-02-01,2023-02-01,21.84,20.47,22.49,12,,,2023-02-07,21.21,trail_ema,4,-0.46,-7.58,unr_pdl,8.99,1.43,0.31,exact
DASH,2023-02-06,2023-02-06,59.71,57.86,62.05,593,,,2023-02-07,57.83,stop,1,-1.02,-1114.3,unr_pdl,5.56,3.07,0.26,exact
CRSP,2023-01-31,2023-01-31,51.05,49.97,54.16,430,,,2023-02-08,53.36,trail_ema,6,2.16,996.65,unr_ema8,5.42,4.69,0.12,exact
COIN,2023-01-25,2023-01-25,52.79,49.41,57.33,301,,,2023-02-09,59.6,trail_ema,11,2.02,2050.96,unr_ema8,9.28,2.83,0.34,exact
NTLA,2023-02-13,2023-02-13,41.34,39.26,46.03,7,,,2023-02-14,39.24,stop,1,-1.01,-14.7,unr_ema21,6.34,3.57,0.24,exact
DDOG,2023-02-10,2023-02-10,80.56,78.67,88.85,547,,,2023-02-16,82.43,trail_ema,4,0.99,1022.07,unr_ema8,5.62,4.79,0.02,exact
SNOW,2023-02-13,2023-02-13,162.04,156.65,178.7,192,,,2023-02-16,164.32,trail_ema,3,0.42,437.15,unr_ema8,5.39,5.12,0.21,exact
DASH,2023-02-13,2023-02-13,59.32,57.3,62.05,466,,,2023-02-17,61.78,trail_ema,4,1.22,1146.1,unr_ema21,5.25,4.88,0.39,exact
MSTR,2023-02-14,2023-02-14,27.13,24.3,30.34,11,,,2023-02-21,26.98,trail_ema,4,-0.05,-1.64,unr_ema8,8.24,2.19,0.46,exact
GME,2023-02-17,2023-02-17,22.0,21.06,22.49,1123,,,2023-02-21,21.05,stop,1,-1.01,-1069.4,unr_ema8,8.93,12.05,0.45,exact
MSTR,2023-02-22,2023-02-22,26.87,26.14,30.34,1426,,,2023-02-23,26.56,trail_ema,1,-0.42,-441.65,unr_pdl,8.28,5.82,0.05,exact
TSLA,2023-02-22,2023-02-22,200.96,191.19,214.0,107,,,2023-02-24,196.78,trail_ema,2,-0.43,-447.14,unr_pdl,6.54,2.78,0.31,exact
NET,2023-02-23,2023-02-23,61.77,59.36,65.51,433,,,2023-02-24,59.33,stop,1,-1.01,-1055.74,unr_pdl,7.23,2.33,0.13,exact
TTD,2023-02-23,2023-02-23,56.28,54.68,58.39,653,,,2023-02-24,54.3,stop_gap,1,-1.24,-1289.86,unr_pdl,5.55,3.08,0.22,exact
TTD,2023-03-02,2023-03-02,56.42,54.36,58.39,493,,,2023-03-09,55.73,trail_ema,5,-0.33,-338.24,unr_pdl,5.05,4.19,0.46,exact
GME,2023-03-30,2023-03-30,22.51,22.05,22.42,2174,,,2023-04-04,22.34,trail_ema,3,-0.37,-374.85,unr_pdl,6.62,1.15,0.22,exact
ONON,2023-03-31,2023-03-31,31.05,29.79,31.94,454,,,2023-04-05,29.78,stop,3,-1.01,-575.92,unr_pdl,5.43,1.2,0.19,exact
FUTU,2023-04-04,2023-04-04,49.08,47.73,49.67,773,,,2023-04-05,47.71,stop,1,-1.02,-1060.45,unr_ema8,5.48,3.37,0.36,exact
FUTU,2023-04-06,2023-04-06,47.14,45.89,49.67,805,,,2023-04-10,46.17,trail_ema,1,-0.78,-780.64,unr_pdl,5.64,13.81,0.39,exact
ONON,2023-04-06,2023-04-06,29.39,28.17,31.94,13,,,2023-04-11,29.86,trail_ema,2,0.38,5.98,unr_pdl,5.84,3.55,0.25,exact
RBLX,2023-03-29,2023-03-29,43.03,41.88,45.49,881,,,2023-04-12,45.18,trail_ema,9,1.87,1890.54,unr_ema8,5.17,3.39,0.14,exact
FUTU,2023-04-11,2023-04-11,47.97,46.54,49.67,731,,,2023-04-12,46.52,stop,1,-1.02,-1059.05,unr_ema8,5.45,2.42,0.2,exact
MSTR,2023-04-06,2023-04-06,29.02,27.73,31.5,787,,,2023-04-17,31.29,trail_ema,6,1.75,1780.86,unr_pdl,8.84,5.07,0.31,exact
COIN,2023-04-14,2023-04-14,69.94,67.59,69.82,441,,,2023-04-17,67.09,stop_gap,1,-1.22,-1260.61,unr_pdl,8.48,3.87,0.34,exact
CRSP,2023-04-24,2023-04-24,51.11,49.87,51.56,854,,,2023-04-25,49.85,stop,1,-1.02,-1072.55,unr_ema8,5.4,1.09,0.16,exact
CRSP,2023-04-28,2023-04-28,48.96,47.68,51.56,411,,,2023-05-01,49.06,trail_ema,1,0.07,37.4,unr_pdl,5.49,8.25,0.32,exact
ONON,2023-04-13,2023-04-13,29.93,29.25,31.94,1502,,,2023-05-02,31.79,trail_ema,13,2.71,2792.42,unr_ema8,5.87,3.12,0.01,exact
VKTX,2023-05-03,2023-05-03,21.46,20.64,22.04,1280,,,2023-05-04,20.63,stop,1,-1.01,-1061.84,unr_pdl,7.2,6.04,0.45,exact
AMC,2023-04-26,2023-04-26,51.93,50.32,55.0,641,,,2023-05-09,55.37,trail_ema,9,2.15,2209.11,unr_ema8,7.62,7.02,0.28,exact
MSTR,2023-05-10,2023-05-10,31.53,30.41,33.29,918,,,2023-05-11,30.39,stop,1,-1.01,-1039.34,unr_ema8,5.97,3.69,0.27,exact
AMC,2023-05-10,2023-05-10,54.93,53.84,55.0,938,,,2023-05-11,53.81,stop,1,-1.02,-1049.73,unr_ema21,6.34,1.69,0.19,exact
TGTX,2023-05-15,2023-05-15,31.17,30.24,35.67,1084,,,2023-05-16,29.66,stop_gap,1,-1.63,-1637.28,unr_pdl,7.55,23.56,0.34,exact
TGTX,2023-05-16,2023-05-16,30.41,29.06,35.67,733,,,2023-05-18,30.62,trail_ema,2,0.16,160.88,unr_pdl,7.57,4.16,0.02,exact
COIN,2023-05-18,2023-05-18,60.29,58.41,63.75,527,,,2023-05-19,58.38,stop,1,-1.02,-1004.84,unr_ema8,6.93,5.31,0.27,exact
CRSP,2023-05-18,2023-05-18,63.48,62.21,71.2,775,,,2023-05-19,62.17,stop,1,-1.02,-1013.17,unr_ema8,6.29,23.91,0.25,exact
NTLA,2023-05-18,2023-05-18,42.98,41.58,46.98,415,,,2023-05-19,42.0,trail_ema,1,-0.7,-407.73,unr_pdl,5.04,3.82,0.13,exact
TGTX,2023-05-18,2023-05-18,30.66,29.8,35.67,6,,,2023-05-19,29.79,stop,1,-1.02,-5.2,unr_pdl,7.71,24.88,0.29,exact
NTLA,2023-05-22,2023-05-22,44.41,41.77,46.98,364,,,2023-05-24,41.74,stop,2,-1.01,-970.88,unr_ema8,5.18,2.14,0.46,exact
CRSP,2023-05-24,2023-05-24,65.91,64.11,71.2,529,,,2023-05-25,64.07,stop,1,-1.02,-972.54,unr_pdl,6.68,3.85,0.08,exact
CRSP,2023-05-26,2023-05-26,64.69,62.7,71.2,489,,,2023-05-31,64.01,trail_ema,2,-0.34,-334.65,unr_ema8,6.74,3.95,0.06,exact
LCID,2023-05-31,2023-05-31,77.64,74.72,78.2,348,,,2023-06-01,67.77,stop_gap,1,-3.38,-3435.7,unr_pdl,5.06,1.2,0.36,exact
CRSP,2023-06-01,2023-06-01,64.55,62.62,71.2,511,,,2023-06-05,63.01,trail_ema,2,-0.8,-788.87,unr_pdl,7.05,20.55,0.35,exact
NET,2023-05-24,2023-05-24,56.26,54.63,60.22,586,,,2023-06-07,62.75,trail_ema,9,3.98,3803.43,unr_pdl,5.02,4.22,0.22,exact
SMCI,2023-06-05,2023-06-05,22.38,21.65,24.3,1350,,,2023-06-16,23.07,trail_ema,9,0.95,929.18,unr_pdl,5.79,6.18,0.34,exact
MRVL,2023-06-14,2023-06-14,62.36,60.14,63.0,437,,,2023-06-20,60.07,stop_gap,3,-1.03,-1000.19,unr_pdl,5.02,1.73,0.41,exact
NET,2023-06-20,2023-06-20,67.21,65.88,72.0,704,,,2023-06-21,65.85,stop,1,-1.02,-959.98,unr_pdl,5.37,3.83,0.01,exact
GME,2023-06-20,2023-06-20,24.59,23.65,26.55,996,,,2023-06-21,24.42,trail_ema,1,-0.19,-173.81,unr_pdl,5.9,2.77,0.12,exact
PDD,2023-06-22,2023-06-22,72.93,71.23,83.4,545,,,2023-06-23,71.19,stop,1,-1.02,-944.47,unr_pdl,5.21,7.11,0.04,exact
MSTR,2023-06-22,2023-06-22,32.74,31.23,33.29,613,,,2023-06-26,31.21,stop,2,-1.01,-934.97,unr_pdl,5.87,1.58,0.42,exact
SNOW,2023-06-23,2023-06-23,178.34,174.14,185.0,218,,,2023-06-26,174.05,stop,1,-1.02,-934.78,unr_ema8,5.69,1.7,0.01,exact
SNOW,2023-06-27,2023-06-27,177.11,170.09,185.0,128,,,2023-06-29,175.68,trail_ema,2,-0.2,-182.58,unr_ema8,5.53,1.34,0.06,exact
AI,2023-07-17,2023-07-17,38.75,36.28,42.58,416,,,2023-07-20,38.95,trail_ema,3,0.08,83.68,unr_pdl,9.28,6.4,0.47,exact
MARA,2023-07-21,2023-07-21,16.89,16.17,19.88,965,,,2023-07-24,16.14,stop_gap,1,-1.03,-720.39,unr_pdl,9.97,4.68,0.04,exact
RIOT,2023-07-21,2023-07-21,18.39,17.34,20.65,9,,,2023-07-24,17.33,stop,1,-1.01,-9.53,unr_pdl,9.82,2.68,0.1,exact
COIN,2023-07-24,2023-07-24,98.9,95.33,114.43,1,,,2023-07-25,97.63,trail_ema,1,-0.36,-1.27,unr_pdl,9.0,4.65,0.02,exact
SMCI,2023-07-06,2023-07-06,25.07,24.43,27.02,1407,,,2023-07-27,32.72,time_stop,15,12.01,10766.52,unr_pdl,7.01,6.07,0.16,exact
UPST,2023-07-06,2023-07-06,36.66,34.23,38.84,368,,,2023-07-27,58.91,time_stop,15,9.15,8188.81,unr_ema8,9.56,1.57,0.2,exact
RIOT,2023-07-24,2023-07-24,17.44,16.76,20.65,893,,,2023-07-27,17.59,trail_ema,3,0.22,136.17,unr_pdl,9.62,4.98,0.01,exact
MSTR,2023-07-24,2023-07-24,43.12,41.17,47.51,1,,,2023-07-27,42.59,trail_ema,3,-0.27,-0.52,unr_pdl,6.27,3.28,0.19,exact
AI,2023-07-25,2023-07-25,40.38,37.88,42.58,3,,,2023-07-27,37.86,stop,2,-1.01,-7.55,unr_ema8,8.0,2.42,0.37,exact
RIOT,2023-07-28,2023-07-28,18.39,17.8,20.65,1863,,,2023-08-01,17.79,stop,2,-1.02,-1119.5,unr_ema8,9.18,10.19,0.23,exact
MSTR,2023-07-28,2023-07-28,43.48,42.37,47.51,988,,,2023-08-01,42.35,stop,2,-1.02,-1123.49,unr_ema8,5.91,3.71,0.0,exact
RIVN,2023-07-18,2023-07-18,24.7,23.66,26.89,993,,,2023-08-02,25.9,trail_ema,11,1.15,1186.34,unr_ema8,7.93,10.82,0.49,exact
AI,2023-07-28,2023-07-28,39.78,38.15,42.58,158,,,2023-08-02,39.85,trail_ema,3,0.04,11.09,unr_ema8,8.14,2.4,0.1,exact
MSTR,2023-08-01,2023-08-01,43.52,41.98,45.25,708,,,2023-08-02,41.96,stop,1,-1.01,-1105.34,unr_pdl,5.29,1.63,0.13,exact
NET,2023-08-01,2023-08-01,68.66,66.47,71.39,496,,,2023-08-02,66.43,stop,1,-1.02,-1106.22,unr_pdl,5.29,2.68,0.24,exact
XPEV,2023-08-03,2023-08-03,19.55,19.05,23.62,2101,,,2023-08-04,19.04,stop,1,-1.02,-1076.49,unr_ema8,7.04,30.54,0.3,exact
AMC,2023-08-02,2023-08-02,48.02,46.65,51.5,764,,,2023-08-09,48.98,trail_ema,5,0.69,726.95,unr_ema21,6.4,21.77,0.39,exact
AI,2023-11-16,2023-11-16,29.04,27.92,29.37,16,,,2023-11-20,27.91,stop,2,-1.01,-18.15,unr_ema8,6.72,3.9,0.47,exact
VRT,2023-11-06,2023-11-06,39.63,38.43,41.77,870,,,2023-11-21,42.45,trail_ema,11,2.36,2460.84,unr_ema8,6.13,3.71,0.21,exact
SMCI,2023-11-16,2023-11-16,28.38,27.72,29.2,1603,,,2023-11-22,27.71,stop,4,-1.02,-1082.67,unr_pdl,6.5,1.49,0.03,exact
MSTR,2023-11-14,2023-11-14,48.02,45.87,53.52,501,,,2023-11-27,49.51,trail_ema,8,0.69,746.1,unr_ema8,6.1,2.85,0.06,exact
SMCI,2023-11-24,2023-11-24,28.58,27.99,29.2,1843,,,2023-11-28,28.55,trail_ema,2,-0.06,-63.7,unr_ema8,6.13,1.29,0.03,exact
MSTR,2023-11-28,2023-11-28,50.61,49.71,53.52,1030,,,2023-11-29,49.68,stop,1,-1.03,-958.46,unr_ema8,5.06,9.01,0.21,exact
AI,2023-11-24,2023-11-24,28.9,27.92,29.37,6,,,2023-11-30,29.11,trail_ema,4,0.2,1.21,unr_pdl,6.97,1.33,0.19,exact
CRSP,2023-11-27,2023-11-27,71.65,67.61,76.19,278,,,2023-11-30,67.57,stop,3,-1.01,-1132.13,unr_pdl,7.86,3.2,0.46,exact
NTLA,2023-11-27,2023-11-27,30.67,29.42,30.86,158,,,2023-11-30,29.62,trail_ema,3,-0.84,-165.92,unr_pdl,7.08,1.03,0.28,exact
MSTR,2023-11-29,2023-11-29,50.74,49.58,52.68,999,,,2023-11-30,49.56,stop,1,-1.02,-1178.05,unr_pdl,5.06,11.69,0.37,exact
NTLA,2023-12-04,2023-12-04,30.91,29.94,30.86,436,,,2023-12-05,29.93,stop,1,-1.02,-426.84,unr_ema8,7.27,2.17,0.33,exact
AI,2023-12-05,2023-12-05,30.07,29.08,31.65,434,,,2023-12-06,29.15,trail_ema,1,-0.94,-399.11,unr_pdl,6.32,1.89,0.05,exact
CRSP,2023-12-01,2023-12-01,68.68,63.16,76.19,217,,,2023-12-08,63.13,stop,5,-1.01,-1205.09,unr_pdl,7.79,2.89,0.47,exact
MSTR,2023-11-30,2023-11-30,49.85,48.61,52.68,916,,,2023-12-11,55.55,trail_ema,7,4.58,5218.72,unr_pdl,5.03,2.74,0.05,exact
AFRM,2023-11-21,2023-11-21,25.04,24.1,27.0,1155,,,2023-12-13,44.38,time_stop,15,20.58,22332.26,unr_ema8,7.42,6.98,0.37,exact
AI,2023-12-27,2023-12-27,30.07,29.31,31.65,1699,,,2023-12-29,29.29,stop,2,-1.02,-1311.07,unr_ema8,6.43,4.21,0.16,exact
COIN,2023-12-12,2023-12-12,139.69,135.62,147.86,302,,,2024-01-02,156.8,trail_ema,13,4.21,5167.75,unr_ema8,6.28,13.4,0.43,exact
GME,2023-12-12,2023-12-12,15.23,14.78,17.56,2287,,,2024-01-02,16.66,trail_ema,13,3.22,3279.68,unr_pdl,8.31,13.05,0.21,exact
NTLA,2024-01-02,2024-01-02,30.84,29.24,32.39,850,,,2024-01-03,29.22,stop,1,-1.01,-1369.9,unr_pdl,6.21,1.6,0.2,exact
MRNA,2024-01-11,2024-01-11,106.85,105.25,115.97,841,,,2024-01-12,105.9,trail_ema,1,-0.6,-800.11,unr_pdl,5.88,6.66,0.03,exact
CRSP,2024-01-16,2024-01-16,63.46,61.85,67.47,834,,,2024-01-17,61.82,stop,1,-1.02,-1366.87,unr_ema21,5.42,2.74,0.02,exact
MRNA,2024-01-16,2024-01-16,102.21,97.25,115.97,270,,,2024-01-17,100.3,trail_ema,1,-0.39,-516.04,unr_ema21,5.42,4.3,0.26,exact
SMCI,2024-01-17,2024-01-17,31.84,30.49,32.76,978,,,2024-01-18,31.13,trail_ema,1,-0.53,-694.85,unr_ema21,5.79,3.8,0.49,exact
CELH,2024-01-11,2024-01-11,59.09,57.17,59.68,701,,,2024-01-19,57.14,stop,5,-1.01,-1363.42,unr_pdl,5.55,1.86,0.34,exact
VKTX,2024-01-26,2024-01-26,21.38,20.85,22.91,2422,,,2024-02-16,36.18,time_stop,15,27.65,35848.54,unr_pdl,7.51,3.98,0.07,exact
ARM,2024-02-16,2024-02-16,128.4,122.56,164.0,283,,,2024-02-20,122.5,stop,1,-1.01,-1670.69,unr_pdl,9.82,42.71,0.49,exact
MSTR,2024-02-20,2024-02-20,70.53,66.84,72.78,446,,,2024-02-21,66.81,stop,1,-1.01,-1662.4,unr_pdl,6.59,1.83,0.42,exact
PLTR,2024-02-21,2024-02-21,22.75,22.23,25.52,44,,,2024-02-23,22.96,trail_ema,2,0.4,9.11,unr_pdl,5.76,5.81,0.02,exact
PLTR,2024-02-26,2024-02-26,23.57,22.88,25.52,1,,,2024-03-04,24.03,trail_ema,5,0.66,0.46,unr_ema8,5.82,3.8,0.11,exact
ARM,2024-02-20,2024-02-20,121.83,114.99,164.0,241,,,2024-03-05,134.0,trail_ema,10,1.78,2933.47,unr_ema8,9.95,9.95,0.23,exact
CRSP,2024-03-05,2024-03-05,81.03,78.65,90.18,395,,,2024-03-06,80.79,trail_ema,1,-0.1,-95.16,unr_pdl,6.43,5.24,0.1,exact
CART,2024-02-16,2024-02-16,26.78,25.47,27.94,1256,,,2024-03-11,34.48,time_stop,15,5.85,9670.4,unr_ema8,6.69,1.35,0.15,exact
MSTR,2024-02-21,2024-02-21,67.31,66.24,72.78,1458,,,2024-03-13,176.53,time_stop,15,101.56,159232.64,unr_pdl,6.51,7.29,0.07,exact
AI,2024-03-12,2024-03-12,30.7,29.63,31.55,2427,,,2024-03-13,30.35,trail_ema,1,-0.32,-826.45,unr_ema21,6.37,1.39,0.13,exact
COIN,2024-02-23,2024-02-23,166.06,160.21,187.39,6,,,2024-03-14,233.55,trail_ema,14,11.52,404.94,unr_pdl,6.51,6.56,0.24,exact
MRNA,2024-03-05,2024-03-05,95.61,93.12,100.24,3,,,2024-03-14,103.41,trail_ema,7,3.13,23.4,unr_ema8,5.16,3.16,0.16,exact
CVNA,2024-03-13,2024-03-13,15.94,15.22,16.92,4626,,,2024-03-14,15.21,stop,1,-1.01,-3371.61,unr_ema8,8.39,3.03,0.25,exact
MRNA,2024-03-15,2024-03-15,103.9,100.7,105.81,1029,,,2024-03-20,100.65,stop,3,-1.02,-3351.07,unr_pdl,5.1,3.32,0.4,exact
CELH,2024-03-20,2024-03-20,90.72,85.24,99.62,597,,,2024-03-27,85.2,stop,5,-1.01,-3291.35,unr_ema8,6.61,2.45,0.25,exact
MRNA,2024-03-20,2024-03-20,103.13,100.05,105.81,1061,,,2024-03-28,106.51,trail_ema,6,1.1,3581.06,unr_pdl,5.05,1.23,0.09,exact
COIN,2024-03-28,2024-03-28,265.25,256.98,271.65,395,,,2024-04-01,256.86,stop,1,-1.02,-3316.91,unr_ema8,7.86,5.27,0.31,exact
VKTX,2024-04-02,2024-04-02,77.39,73.07,89.1,749,,,2024-04-04,73.64,trail_ema,2,-0.87,-2805.39,unr_pdl,9.51,2.83,0.02,exact
COIN,2024-04-08,2024-04-08,257.12,248.82,271.65,386,,,2024-04-09,248.7,stop,1,-1.01,-3251.14,unr_ema8,7.08,6.29,0.29,exact
CVNA,2024-05-15,2024-05-15,24.23,23.49,25.8,4296,,,2024-05-16,23.47,stop,1,-1.02,-3227.62,unr_pdl,6.44,11.34,0.45,exact
VKTX,2024-05-15,2024-05-15,78.05,72.46,80.38,568,,,2024-05-16,72.43,stop,1,-1.01,-3193.62,unr_ema8,6.45,1.42,0.5,exact
CVNA,2024-05-17,2024-05-17,23.51,23.03,24.92,6526,,,2024-05-20,23.02,stop,1,-1.02,-3192.68,unr_pdl,6.38,3.46,0.03,exact
LCID,2024-05-17,2024-05-17,28.41,27.0,30.9,1543,,,2024-05-21,28.39,trail_ema,2,-0.02,-43.82,unr_ema8,7.33,1.8,0.0,exact
VRT,2024-05-20,2024-05-20,99.1,97.11,104.47,750,,,2024-05-21,96.73,stop_gap,1,-1.19,-1778.77,unr_ema8,5.37,15.68,0.31,exact
SMCI,2024-05-20,2024-05-20,90.44,86.7,91.08,836,,,2024-05-22,86.66,stop,2,-1.01,-3159.67,unr_pdl,7.7,2.99,0.43,exact
CELH,2024-05-16,2024-05-16,92.62,90.08,95.63,1226,,,2024-05-23,91.66,trail_ema,5,-0.38,-1167.32,unr_pdl,5.93,2.77,0.23,exact
LCID,2024-05-22,2024-05-22,28.91,27.71,30.9,29,,,2024-05-23,27.69,stop,1,-1.01,-35.45,unr_pdl,7.05,9.85,0.48,exact
CLSK,2024-05-24,2024-05-24,17.64,16.74,18.08,3523,,,2024-05-29,17.06,trail_ema,2,-0.64,-2034.0,unr_ema8,9.8,1.04,0.15,exact
SMCI,2024-05-24,2024-05-24,88.43,83.56,91.08,571,,,2024-05-29,83.51,stop,2,-1.01,-2807.94,unr_ema8,7.5,1.02,0.18,exact
POWL,2024-05-20,2024-05-20,54.64,52.3,57.97,14,,,2024-05-31,59.45,trail_ema,8,2.05,67.3,unr_ema8,6.27,3.39,0.32,exact
VRT,2024-05-21,2024-05-21,98.91,96.0,104.47,1064,,,2024-05-31,95.95,stop,7,-1.02,-3150.36,unr_pdl,5.34,5.25,0.31,exact
VST,2024-05-22,2024-05-22,92.93,90.87,96.46,890,,,2024-05-31,97.57,trail_ema,6,2.25,4133.17,unr_ema8,5.26,16.99,0.4,exact
MRNA,2024-05-30,2024-05-30,151.57,143.12,170.47,293,,,2024-05-31,143.04,stop,1,-1.01,-2496.89,unr_ema8,6.1,2.74,0.13,exact
LCID,2024-05-30,2024-05-30,28.81,27.4,30.9,2200,,,2024-06-05,27.89,trail_ema,4,-0.66,-2042.37,unr_ema8,7.0,4.28,0.38,exact
MARA,2024-06-04,2024-06-04,20.53,19.48,21.03,2847,,,2024-06-05,19.47,stop,1,-1.01,-3014.05,unr_ema8,9.32,1.28,0.2,exact
MSTR,2024-05-31,2024-05-31,152.53,143.66,174.0,332,,,2024-06-07,159.54,trail_ema,5,0.79,2328.97,unr_ema21,7.71,4.53,0.3,exact
MRNA,2024-06-07,2024-06-07,151.09,148.67,170.47,1214,,,2024-06-10,148.6,stop,1,-1.03,-3018.24,unr_ema8,6.55,10.05,0.04,exact
MSTR,2024-06-10,2024-06-10,160.07,155.47,171.5,640,,,2024-06-11,154.12,stop_gap,1,-1.29,-3807.43,unr_pdl,7.37,4.3,0.13,exact
AI,2024-06-07,2024-06-07,30.01,29.15,30.84,3394,,,2024-06-14,29.14,stop,5,-1.02,-2978.47,unr_pdl,5.21,2.77,0.29,exact
COIN,2024-06-11,2024-06-11,244.32,233.33,248.86,264,,,2024-06-14,244.38,trail_ema,3,0.01,14.69,unr_pdl,6.88,1.5,0.31,exact
AI,2024-06-17,2024-06-17,29.22,28.16,30.84,2670,,,2024-06-18,28.7,trail_ema,1,-0.5,-1412.32,unr_pdl,5.5,6.53,0.46,exact
CRDO,2024-06-17,2024-06-17,28.59,28.13,29.89,6140,,,2024-06-20,28.12,stop,2,-1.03,-2917.1,unr_pdl,5.71,6.4,0.16,exact
MARA,2024-06-20,2024-06-20,20.67,20.0,21.03,4133,,,2024-06-21,19.92,stop_gap,1,-1.11,-3100.97,unr_ema8,8.67,5.34,0.3,exact
HIMS,2024-06-25,2024-06-25,23.17,22.08,25.74,2535,,,2024-06-26,22.07,stop,1,-1.01,-2784.6,unr_ema8,7.26,3.95,0.22,exact
CVNA,2024-07-05,2024-07-05,25.62,24.73,27.38,3122,,,2024-07-08,24.72,stop,1,-1.01,-2822.0,unr_pdl,6.49,5.82,0.34,exact
ELF,2024-07-08,2024-07-08,203.18,198.13,201.86,547,,,2024-07-10,198.03,stop,2,-1.02,-2815.88,unr_ema21,5.08,1.26,0.33,exact
ARM,2024-07-02,2024-07-02,163.54,154.76,177.31,310,,,2024-07-11,173.1,trail_ema,6,1.09,2964.12,unr_ema8,6.81,2.46,0.22,exact
SMCI,2024-07-10,2024-07-10,90.04,87.05,89.99,924,,,2024-07-11,87.0,stop,1,-1.01,-2809.29,unr_pdl,6.99,1.34,0.29,exact
VRT,2024-07-10,2024-07-10,93.92,90.4,97.26,720,,,2024-07-12,90.36,stop,2,-1.01,-2561.77,unr_pdl,5.1,2.38,0.32,exact
VST,2024-07-11,2024-07-11,90.54,89.0,90.25,1473,,,2024-07-12,88.96,stop,1,-1.03,-2331.6,unr_ema8,5.23,1.03,0.2,exact
SMCI,2024-07-11,2024-07-11,88.97,86.28,89.99,15,,,2024-07-16,87.65,trail_ema,3,-0.49,-19.71,unr_pdl,7.13,2.52,0.27,exact
CVNA,2024-07-09,2024-07-09,25.15,24.08,27.38,2586,,,2024-07-17,26.74,trail_ema,6,1.48,4096.37,unr_ema8,6.39,2.53,0.09,exact
MSTR,2024-07-17,2024-07-17,159.08,152.55,171.5,405,,,2024-07-18,152.47,stop,1,-1.01,-2676.37,unr_pdl,6.56,2.72,0.15,exact
TSLA,2024-07-16,2024-07-16,256.69,245.23,271.0,237,,,2024-07-19,245.11,stop,3,-1.01,-2744.67,unr_pdl,5.18,2.96,0.42,exact
CLSK,2024-07-19,2024-07-19,17.85,16.92,18.42,2820,,,2024-07-23,17.44,trail_ema,2,-0.44,-1149.56,unr_ema8,8.18,1.55,0.25,exact
TSLA,2024-07-22,2024-07-22,251.64,243.13,271.0,308,,,2024-07-23,246.26,trail_ema,1,-0.63,-1656.71,unr_ema8,5.38,5.53,0.33,exact
LCID,2024-07-22,2024-07-22,35.92,34.77,43.2,2287,,,2024-07-23,34.76,stop,1,-1.02,-2657.98,unr_ema8,7.97,8.6,0.1,exact
GME,2024-07-22,2024-07-22,25.23,24.3,26.66,2008,,,2024-07-23,25.49,trail_ema,1,0.27,511.32,unr_pdl,6.74,3.28,0.22,exact
COIN,2024-07-26,2024-07-26,243.05,236.88,248.86,415,,,2024-07-29,236.76,stop,1,-1.02,-2609.52,unr_ema21,5.9,5.56,0.31,exact
CVNA,2024-07-26,2024-07-26,26.58,25.42,27.38,2202,,,2024-07-29,25.41,stop,1,-1.01,-2589.46,unr_ema8,6.32,3.44,0.44,exact
LCID,2024-07-29,2024-07-29,34.62,33.4,43.2,2065,,,2024-08-01,33.39,stop,3,-1.01,-2544.64,unr_ema8,8.39,7.28,0.01,exact
CVNA,2024-07-31,2024-07-31,26.66,25.68,27.38,2571,,,2024-08-05,23.84,stop_gap,3,-2.88,-7253.43,unr_ema8,6.41,6.58,0.46,exact
GEV,2024-08-20,2024-08-20,183.32,180.49,183.09,854,,,2024-08-23,179.95,stop_gap,3,-1.19,-2876.42,unr_ema8,5.07,2.79,0.24,exact
TSLA,2024-08-23,2024-08-23,220.43,213.69,228.22,359,,,2024-08-26,213.59,stop,1,-1.02,-2457.34,unr_ema8,5.07,5.56,0.43,exact
VKTX,2024-08-23,2024-08-23,64.66,62.79,70.96,1141,,,2024-08-27,62.76,stop,2,-1.02,-2173.96,unr_pdl,8.29,13.81,0.28,exact
APP,2024-08-16,2024-08-16,86.39,83.39,85.28,802,,,2024-08-28,87.96,trail_ema,8,0.52,1253.39,unr_pdl,6.14,1.36,0.49,exact
CVNA,2024-08-20,2024-08-20,30.85,30.13,30.8,493,,,2024-08-28,30.85,trail_ema,6,-0.01,-2.39,unr_pdl,6.97,1.12,0.21,exact
POWL,2024-08-21,2024-08-21,57.65,55.29,62.32,3,,,2024-08-28,55.27,stop,5,-1.01,-7.14,unr_pdl,6.97,3.04,0.17,exact
VST,2024-08-27,2024-08-27,83.6,82.2,94.83,1692,,,2024-08-28,82.16,stop,1,-1.03,-2442.0,unr_pdl,5.22,12.36,0.11,exact
MRVL,2024-08-27,2024-08-27,69.39,66.54,75.3,108,,,2024-08-28,68.05,trail_ema,1,-0.47,-143.87,unr_pdl,5.15,4.18,0.35,exact
RDDT,2024-08-27,2024-08-27,59.03,56.37,64.64,1,,,2024-08-28,56.35,stop,1,-1.01,-2.68,unr_pdl,6.16,6.28,0.45,exact
VKTX,2024-08-29,2024-08-29,62.68,61.04,69.99,1533,,,2024-08-30,61.01,stop,1,-1.02,-2565.94,unr_ema8,7.56,5.06,0.03,exact
LCID,2024-08-28,2024-08-28,39.42,38.17,43.2,1851,,,2024-09-03,38.15,stop,3,-1.02,-2357.59,unr_pdl,8.25,20.43,0.37,exact
MRVL,2024-09-04,2024-09-04,70.54,68.04,72.21,977,,,2024-09-05,69.49,trail_ema,1,-0.42,-1020.93,unr_pdl,5.0,2.66,0.41,exact
AFRM,2024-08-28,2024-08-28,31.6,30.38,34.3,1909,,,2024-09-10,37.25,trail_ema,8,4.65,10796.49,unr_pdl,6.1,2.5,0.05,exact
RDDT,2024-09-13,2024-09-13,59.12,57.9,60.41,1939,,,2024-09-16,57.87,stop,1,-1.02,-2428.16,unr_ema8,5.14,3.01,0.2,exact
VKTX,2024-09-18,2024-09-18,64.48,62.42,69.99,3,,,2024-09-23,64.98,trail_ema,3,0.24,1.49,unr_ema8,6.64,20.41,0.42,exact
AFRM,2024-09-18,2024-09-18,44.3,43.12,44.99,416,,,2024-09-24,43.1,stop,4,-1.02,-501.11,unr_pdl,7.03,8.31,0.37,exact
CRDO,2024-09-24,2024-09-24,29.89,28.66,36.8,600,,,2024-10-01,29.95,trail_ema,5,0.04,30.05,unr_pdl,6.34,15.34,0.41,exact
TLN,2024-10-01,2024-10-01,179.1,173.21,197.61,100,,,2024-10-02,175.84,trail_ema,1,-0.55,-325.75,unr_pdl,5.34,7.74,0.35,exact
ALAB,2024-10-02,2024-10-02,50.57,48.97,55.5,349,,,2024-10-03,48.94,stop,1,-1.02,-566.38,unr_pdl,5.23,3.5,0.05,exact
UPST,2024-10-02,2024-10-02,38.96,37.28,41.49,4,,,2024-10-03,38.92,trail_ema,1,-0.02,-0.16,unr_pdl,7.46,10.26,0.48,exact
VRT,2024-09-16,2024-09-16,86.82,83.35,92.12,676,,,2024-10-07,106.45,time_stop,15,5.65,13266.87,unr_pdl,5.15,3.74,0.4,exact
POWL,2024-09-16,2024-09-16,56.38,54.93,62.32,1625,,,2024-10-07,81.45,time_stop,15,17.36,40735.82,unr_pdl,5.21,11.28,0.29,exact
RDDT,2024-09-16,2024-09-16,59.18,57.07,60.41,1113,,,2024-10-07,70.4,time_stop,15,5.33,12493.65,unr_pdl,5.28,2.45,0.38,exact
TLN,2024-10-03,2024-10-03,182.29,177.15,197.61,1,,,2024-10-07,177.06,stop,2,-1.02,-5.23,unr_ema8,5.05,9.55,0.37,exact
LI,2024-10-11,2024-10-11,27.06,25.98,31.04,2821,,,2024-10-14,26.61,trail_ema,1,-0.42,-1288.73,unr_pdl,5.37,8.58,0.4,exact
FUTU,2024-10-11,2024-10-11,106.8,99.38,125.48,410,,,2024-10-14,102.21,trail_ema,1,-0.62,-1883.91,unr_ema8,8.45,2.97,0.1,exact
VST,2024-10-11,2024-10-11,124.12,113.04,142.46,275,,,2024-10-17,125.96,trail_ema,4,0.17,504.78,unr_pdl,6.07,2.37,0.34,exact
VKTX,2024-10-11,2024-10-11,65.87,62.29,68.74,851,,,2024-10-17,64.58,trail_ema,4,-0.36,-1097.98,unr_ema8,5.73,2.52,0.48,exact
AFRM,2024-10-16,2024-10-16,47.99,46.68,47.98,2306,,,2024-10-17,46.66,stop,1,-1.02,-3080.23,unr_pdl,5.64,1.37,0.31,exact
AFRM,2024-10-18,2024-10-18,44.56,42.4,44.99,1380,,,2024-10-21,43.63,trail_ema,1,-0.43,-1289.05,unr_pdl,5.77,1.07,0.37,exact
VKTX,2024-10-18,2024-10-18,65.83,64.26,67.67,1894,,,2024-10-21,64.23,stop,1,-1.02,-3044.57,unr_pdl,5.18,10.1,0.38,exact
VST,2024-10-21,2024-10-21,129.17,126.19,142.46,990,,,2024-10-22,126.13,stop,1,-1.02,-3005.65,unr_ema8,6.02,7.06,0.12,exact
UPST,2024-10-03,2024-10-03,38.96,37.33,41.49,2,,,2024-10-23,49.73,trail_ema,14,6.59,21.53,unr_ema21,7.38,2.81,0.2,exact
ALAB,2024-10-21,2024-10-21,67.21,65.49,70.74,1704,,,2024-10-23,65.45,stop,2,-1.02,-2999.36,unr_pdl,5.39,6.68,0.33,exact
AFRM,2024-10-22,2024-10-22,44.01,42.81,44.99,2441,,,2024-10-23,42.79,stop,1,-1.02,-2986.64,unr_pdl,5.73,2.57,0.24,exact
SMMT,2024-10-22,2024-10-22,20.6,20.12,24.56,2244,,,2024-10-23,20.11,stop,1,-1.02,-1106.66,unr_pdl,8.32,13.67,0.1,exact
MSTR,2024-10-03,2024-10-03,163.49,157.35,179.6,104,,,2024-10-24,235.77,time_stop,15,11.78,7517.16,unr_pdl,6.7,11.32,0.46,exact
UPST,2024-10-28,2024-10-28,52.01,50.64,57.4,2109,,,2024-10-29,50.61,stop,1,-1.02,-2943.21,unr_ema8,7.15,16.21,0.29,exact
SMMT,2024-10-29,2024-10-29,21.84,21.03,24.56,3597,,,2024-10-30,20.99,stop_gap,1,-1.06,-3062.54,unr_pdl,7.67,14.63,0.38,exact
CRDO,2024-10-24,2024-10-24,39.03,37.92,40.37,2577,,,2024-10-31,37.9,stop,5,-1.02,-2909.8,unr_ema8,5.26,6.92,0.43,exact
AFRM,2024-10-31,2024-10-31,43.87,42.65,47.98,2275,,,2024-11-01,42.63,stop,1,-1.02,-2820.49,unr_ema8,5.97,5.88,0.17,exact
VKTX,2024-10-31,2024-10-31,72.58,70.37,72.36,1254,,,2024-11-04,70.33,stop,2,-1.02,-2816.04,unr_ema8,6.21,1.43,0.33,exact
CRDO,2024-11-04,2024-11-04,40.09,39.14,40.37,2865,,,2024-11-14,41.88,trail_ema,8,1.89,5125.53,unr_ema8,5.29,1.71,0.24,exact
HOOD,2024-11-14,2024-11-14,32.24,31.52,34.32,4408,,,2024-11-15,31.51,stop,1,-1.02,-3216.33,unr_pdl,5.11,8.3,0.28,exact
ELF,2024-11-14,2024-11-14,123.17,120.58,134.56,229,,,2024-11-18,117.94,stop_gap,2,-2.02,-1197.8,unr_pdl,5.37,7.76,0.16,exact
ELF,2024-11-18,2024-11-18,122.72,114.84,134.56,120,,,2024-11-20,114.78,stop,2,-1.01,-953.19,unr_pdl,5.65,2.3,0.29,exact
CRDO,2024-11-19,2024-11-19,43.96,40.01,48.94,5,,,2024-11-20,42.95,trail_ema,1,-0.26,-5.07,unr_ema8,5.52,2.01,0.43,exact
HUT,2024-11-05,2024-11-05,16.75,15.91,18.39,3319,,,2024-11-21,23.47,trail_ema,12,8.06,22303.31,unr_ema8,9.2,11.32,0.48,exact
COIN,2024-11-20,2024-11-20,320.17,302.73,334.86,43,,,2024-11-21,302.58,stop,1,-1.01,-756.26,unr_pdl,8.6,1.52,0.21,exact
UPST,2024-11-05,2024-11-05,50.63,47.86,54.47,999,,,2024-11-26,78.47,time_stop,15,10.06,27817.6,unr_ema8,7.1,2.67,0.27,exact
RDDT,2024-11-18,2024-11-18,129.48,124.34,139.04,617,,,2024-11-26,135.54,trail_ema,6,1.18,3737.47,unr_ema8,5.76,5.23,0.43,exact
COIN,2024-11-22,2024-11-22,304.79,289.63,334.86,11,,,2024-11-26,289.48,stop,2,-1.01,-168.4,unr_ema8,9.18,2.72,0.12,exact
ALAB,2024-11-18,2024-11-18,90.43,86.41,100.09,789,,,2024-11-27,99.55,trail_ema,7,2.27,7199.63,unr_ema8,6.55,4.58,0.29,exact
COIN,2024-11-27,2024-11-27,311.14,294.09,334.86,195,,,2024-11-29,296.05,trail_ema,1,-0.88,-2941.3,unr_ema8,9.68,3.22,0.28,exact
TLN,2024-11-26,2024-11-26,216.5,208.26,217.79,409,,,2024-12-02,208.16,stop,3,-1.01,-3411.56,unr_ema8,6.75,2.27,0.4,exact
TGTX,2024-11-20,2024-11-20,31.17,29.81,36.5,7,,,2024-12-03,33.37,trail_ema,8,1.62,15.45,unr_ema8,7.59,15.25,0.45,exact
GME,2024-12-03,2024-12-03,27.45,26.4,29.8,1,,,2024-12-04,27.02,trail_ema,1,-0.41,-0.44,unr_pdl,7.09,8.64,0.37,exact
COIN,2024-12-03,2024-12-03,309.5,295.38,334.86,3,,,2024-12-09,310.36,trail_ema,4,0.06,2.58,unr_pdl,9.15,8.58,0.39,exact
GME,2024-12-06,2024-12-06,29.07,28.01,29.8,1,,,2024-12-09,27.99,stop,1,-1.01,-1.08,unr_ema8,7.84,4.04,0.34,exact
UPST,2024-12-09,2024-12-09,76.43,74.09,81.97,12,,,2024-12-10,74.05,stop,1,-1.02,-28.51,unr_ema8,7.42,8.78,0.29,exact
AI,2024-12-03,2024-12-03,36.77,35.29,39.88,7,,,2024-12-11,38.16,trail_ema,6,0.94,9.75,unr_pdl,6.55,5.37,0.37,exact
ELF,2024-11-21,2024-11-21,122.53,117.73,134.56,713,,,2024-12-12,131.44,trail_ema,14,1.86,6354.97,unr_ema8,6.58,3.78,0.17,exact
AFRM,2024-12-11,2024-12-11,69.96,67.07,72.82,17,,,2024-12-12,68.74,trail_ema,1,-0.43,-20.9,unr_ema8,6.29,2.29,0.28,exact
AFRM,2024-12-13,2024-12-13,70.74,67.58,72.82,1241,,,2024-12-17,67.55,stop,2,-1.01,-3957.4,unr_ema8,6.22,2.18,0.37,exact
ELF,2024-12-16,2024-12-16,140.34,135.64,147.33,50,,,2024-12-17,135.58,stop,1,-1.01,-238.2,unr_ema8,5.95,8.39,0.46,exact
ALAB,2024-11-29,2024-11-29,103.3,100.3,113.85,1107,,,2024-12-18,122.41,trail_ema,13,6.36,21151.61,unr_ema8,7.57,26.16,0.36,exact
RDDT,2024-12-02,2024-12-02,141.71,138.33,158.49,597,,,2024-12-18,160.57,trail_ema,12,5.58,11258.73,unr_pdl,6.56,9.44,0.16,exact
HOOD,2024-12-17,2024-12-17,41.65,40.22,42.76,2156,,,2024-12-18,40.2,stop,1,-1.01,-3128.67,unr_pdl,6.47,7.19,0.46,exact
PLTR,2024-12-17,2024-12-17,74.43,71.5,80.91,12,,,2024-12-18,71.47,stop,1,-1.01,-35.52,unr_ema8,5.85,3.73,0.23,exact
TSLA,2024-11-29,2024-11-29,345.33,333.82,348.55,109,,,2024-12-20,420.85,trail_ema,15,6.56,8231.34,unr_ema8,5.31,2.65,0.44,exact
CRDO,2024-12-23,2024-12-23,68.95,67.3,75.32,2218,,,2024-12-27,69.26,trail_ema,3,0.18,667.39,unr_ema8,7.89,4.45,0.03,exact
APP,2024-12-23,2024-12-23,344.99,330.29,344.77,249,,,2024-12-27,330.12,stop,3,-1.01,-3702.55,unr_ema8,7.61,1.88,0.38,exact
HOOD,2024-12-26,2024-12-26,40.4,38.67,39.74,237,,,2024-12-27,38.65,stop,1,-1.01,-413.91,unr_ema8,6.79,1.31,0.49,exact
RDDT,2024-12-20,2024-12-20,170.8,158.2,180.36,289,,,2024-12-30,165.45,trail_ema,5,-0.42,-1545.61,unr_ema8,7.5,1.86,0.42,exact
GME,2024-12-20,2024-12-20,29.83,28.21,29.8,2242,,,2025-01-02,30.64,trail_ema,7,0.5,1815.48,unr_pdl,7.3,1.6,0.49,exact
APP,2025-01-03,2025-01-03,350.83,335.53,344.77,236,,,2025-01-07,335.36,stop,2,-1.01,-3650.1,unr_ema8,7.27,1.43,0.47,exact
CRDO,2025-01-03,2025-01-03,72.43,69.15,74.2,1104,,,2025-01-13,69.12,stop,5,-1.01,-3652.51,unr_ema8,7.05,3.85,0.46,exact
TSLA,2025-01-21,2025-01-21,424.28,405.15,465.33,185,,,2025-01-22,414.9,trail_ema,1,-0.49,-1735.23,unr_pdl,5.73,3.12,0.19,exact
HUT,2025-01-22,2025-01-22,25.87,24.62,27.2,2820,,,2025-01-23,25.42,trail_ema,1,-0.36,-1284.92,unr_pdl,8.41,3.24,0.32,exact
POWL,2025-01-24,2025-01-24,96.45,93.58,100.12,1224,,,2025-01-27,86.81,stop_gap,1,-3.36,-11798.37,unr_pdl,5.44,2.45,0.21,exact
RKLB,2025-01-27,2025-01-27,29.44,28.36,30.26,3136,,,2025-01-28,28.35,stop,1,-1.01,-3439.12,unr_ema8,9.05,3.1,0.26,exact
CVNA,2025-01-27,2025-01-27,48.45,46.69,51.7,1921,,,2025-01-28,46.66,stop,1,-1.01,-3438.69,unr_pdl,5.83,3.35,0.25,exact
COIN,2025-01-28,2025-01-28,281.96,275.22,293.6,493,,,2025-02-03,272.84,stop_gap,4,-1.35,-4494.88,unr_ema21,5.89,2.01,0.03,exact
ARM,2025-02-03,2025-02-03,155.73,151.62,156.4,799,,,2025-02-10,160.76,trail_ema,5,1.23,4020.37,unr_pdl,5.15,1.48,0.28,exact
TGTX,2025-02-03,2025-02-03,31.5,30.51,33.55,3330,,,2025-02-10,32.23,trail_ema,5,0.75,2457.99,unr_ema21,5.38,3.93,0.22,exact
TLN,2025-02-11,2025-02-11,234.07,228.54,258.03,615,,,2025-02-12,226.89,stop_gap,1,-1.3,-4415.99,unr_ema8,5.24,4.62,0.01,exact
RDDT,2025-02-13,2025-02-13,205.05,195.42,230.41,348,,,2025-02-14,195.32,stop,1,-1.01,-3387.52,unr_ema21,5.87,5.04,0.33,exact
ARM,2025-02-14,2025-02-14,159.62,155.7,173.95,858,,,2025-02-18,155.62,stop,1,-1.02,-3432.81,unr_ema21,5.47,12.85,0.3,exact
LEU,2025-02-18,2025-02-18,111.72,107.66,122.95,832,,,2025-02-19,107.61,stop,1,-1.01,-3416.7,unr_ema8,9.29,12.21,0.34,exact
ARM,2025-02-18,2025-02-18,160.4,155.22,173.95,269,,,2025-02-19,155.14,stop,1,-1.01,-1413.67,unr_pdl,5.51,19.87,0.49,exact
CVNA,2025-02-03,2025-02-03,50.35,48.08,51.7,1444,,,2025-02-20,48.06,stop,12,-1.01,-3314.15,unr_pdl,5.36,2.15,0.49,exact
TLN,2025-02-13,2025-02-13,240.5,233.41,244.93,474,,,2025-02-20,236.31,trail_ema,4,-0.59,-1985.31,unr_ema8,5.33,3.99,0.4,exact
APP,2025-02-19,2025-02-19,494.42,479.88,525.15,227,,,2025-02-20,479.64,stop,1,-1.02,-3355.05,unr_pdl,6.36,4.58,0.25,exact
HOOD,2025-05-02,2025-05-02,48.61,46.53,49.88,1485,,,2025-05-05,46.51,stop,1,-1.01,-3131.59,unr_ema8,9.46,3.14,0.35,exact
NVDA,2025-05-05,2025-05-05,113.85,112.34,115.07,2029,,,2025-05-06,111.4,stop_gap,1,-1.62,-4975.22,unr_pdl,5.94,1.72,0.08,exact
ALAB,2025-05-05,2025-05-05,72.19,70.42,73.6,287,,,2025-05-06,69.5,stop_gap,1,-1.52,-770.84,unr_pdl,7.94,5.32,0.28,exact
VRT,2025-05-05,2025-05-05,94.74,92.54,94.06,2,,,2025-05-06,91.76,stop_gap,1,-1.35,-5.96,unr_pdl,8.07,3.68,0.33,exact
ARM,2025-05-06,2025-05-06,122.5,117.7,123.7,627,,,2025-05-08,117.64,stop,2,-1.01,-3049.4,unr_pdl,6.17,1.14,0.32,exact
VKTX,2025-05-12,2025-05-12,28.31,27.59,30.28,2,,,2025-05-13,27.58,stop,1,-1.02,-1.47,unr_ema8,7.12,11.48,0.28,exact
VKTX,2025-05-13,2025-05-13,27.75,26.73,30.28,2,,,2025-05-14,26.71,stop,1,-1.01,-2.07,unr_pdl,6.65,2.73,0.03,exact
ASTS,2025-05-16,2025-05-16,26.67,25.65,27.57,2,,,2025-05-19,25.64,stop,1,-1.01,-2.06,unr_ema8,7.24,3.57,0.34,exact
IONQ,2025-05-06,2025-05-06,29.43,27.85,31.85,1909,,,2025-05-21,33.52,trail_ema,11,2.59,7804.99,unr_ema8,9.27,3.59,0.3,exact
PLTR,2025-05-09,2025-05-09,117.36,114.61,125.25,622,,,2025-05-21,120.52,trail_ema,8,1.15,1966.18,unr_ema8,5.69,14.2,0.34,exact
VKTX,2025-05-20,2025-05-20,28.68,27.21,28.98,2,,,2025-05-21,27.2,stop,1,-1.01,-2.98,unr_ema8,6.09,1.63,0.49,exact
FSLR,2025-05-22,2025-05-22,156.43,152.28,198.87,366,,,2025-05-23,158.3,trail_ema,1,0.45,685.38,unr_ema21,5.95,20.58,0.22,exact
HOOD,2025-05-05,2025-05-05,48.07,45.38,49.88,1140,,,2025-05-27,65.99,time_stop,15,6.66,20420.78,unr_pdl,9.03,2.39,0.38,exact
NVDA,2025-05-06,2025-05-06,113.57,110.53,115.07,991,,,2025-05-28,134.71,time_stop,15,6.95,20950.57,unr_pdl,5.24,1.16,0.16,exact
CRDO,2025-05-06,2025-05-06,47.69,45.51,49.2,13,,,2025-05-28,62.68,time_stop,15,6.85,194.8,unr_pdl,7.5,1.23,0.18,exact
TEM,2025-05-22,2025-05-22,59.28,56.75,71.97,1369,,,2025-05-28,56.72,stop,3,-1.01,-3498.44,unr_pdl,9.1,13.53,0.28,exact
SMCI,2025-05-28,2025-05-28,41.98,40.83,47.8,3064,,,2025-05-29,41.13,trail_ema,1,-0.74,-2609.16,unr_ema8,6.56,11.18,0.23,exact
FSLR,2025-05-28,2025-05-28,156.53,153.44,198.87,1007,,,2025-05-29,155.87,trail_ema,1,-0.21,-660.79,unr_ema21,5.77,27.63,0.16,exact
ALAB,2025-05-09,2025-05-09,71.24,69.08,73.6,10,,,2025-05-30,90.67,trail_ema,14,9.02,194.39,unr_pdl,5.79,4.99,0.38,exact
SMMT,2025-05-28,2025-05-28,26.05,24.98,26.23,64,,,2025-05-30,21.19,stop_gap,2,-4.54,-311.27,unr_pdl,7.42,1.23,0.28,exact
AFRM,2025-05-30,2025-05-30,51.93,50.69,52.99,2830,,,2025-06-02,50.67,stop,1,-1.02,-3563.42,unr_pdl,5.14,2.49,0.22,exact
FSLR,2025-05-30,2025-05-30,158.16,153.77,198.87,74,,,2025-06-02,153.69,stop,1,-1.02,-330.73,unr_ema21,5.66,26.99,0.31,exact
NBIS,2025-06-02,2025-06-02,36.04,34.6,41.45,1348,,,2025-06-03,37.25,trail_ema,1,0.84,1635.6,unr_pdl,7.07,3.86,0.0,exact
SMCI,2025-05-30,2025-05-30,40.04,38.93,47.8,3156,,,2025-06-05,40.75,trail_ema,4,0.64,2239.51,unr_ema21,6.18,15.73,0.24,exact
RKLB,2025-06-02,2025-06-02,26.61,25.73,30.78,3980,,,2025-06-05,25.72,stop,3,-1.01,-3556.11,unr_pdl,6.48,15.98,0.37,exact
APP,2025-05-23,2025-05-23,354.47,339.34,380.7,163,,,2025-06-09,383.41,trail_ema,10,1.91,4717.39,unr_pdl,5.41,2.6,0.2,exact
FSLR,2025-06-05,2025-06-05,163.92,157.28,198.87,525,,,2025-06-09,160.08,trail_ema,2,-0.58,-2017.05,unr_ema8,6.09,19.57,0.47,exact
CRDO,2025-06-06,2025-06-06,73.0,71.04,80.99,4,,,2025-06-09,71.0,stop,1,-1.02,-7.98,unr_pdl,6.21,6.58,0.16,exact
RKLB,2025-06-05,2025-06-05,26.46,25.44,30.78,3404,,,2025-06-10,27.16,trail_ema,3,0.68,2359.62,unr_pdl,6.79,6.4,0.18,exact
APP,2025-06-10,2025-06-10,383.8,373.72,428.99,327,,,2025-06-11,383.24,trail_ema,1,-0.06,-184.27,unr_pdl,5.21,5.05,0.04,exact
RDDT,2025-06-10,2025-06-10,117.15,114.93,126.1,11,,,2025-06-11,114.87,stop,1,-1.03,-25.05,unr_pdl,6.16,6.7,0.11,exact
RKLB,2025-06-11,2025-06-11,27.37,26.79,30.78,4578,,,2025-06-12,26.78,stop,1,-1.02,-2716.55,unr_pdl,7.49,18.32,0.19,exact
SMCI,2025-06-09,2025-06-09,43.14,41.76,43.97,2607,,,2025-06-13,41.74,stop,4,-1.02,-3665.8,unr_ema8,6.15,6.18,0.43,exact
HIMS,2025-06-11,2025-06-11,57.59,53.38,65.89,1,,,2025-06-13,55.45,trail_ema,2,-0.51,-2.14,unr_ema8,8.99,4.15,0.36,exact
NBIS,2025-06-12,2025-06-12,50.31,48.66,55.04,2120,,,2025-06-13,48.62,stop_gap,1,-1.03,-3581.66,unr_pdl,8.07,4.45,0.14,exact
ALAB,2025-06-16,2025-06-16,95.35,91.16,98.24,825,,,2025-06-17,92.86,trail_ema,1,-0.59,-2049.39,unr_ema8,5.21,2.75,0.48,exact
TEM,2025-06-13,2025-06-13,71.32,68.08,71.97,1057,,,2025-06-18,68.04,stop,3,-1.01,-3458.27,unr_pdl,9.21,4.04,0.45,exact
TEM,2025-06-18,2025-06-18,69.13,66.35,71.97,216,,,2025-06-20,68.28,trail_ema,1,-0.31,-185.48,unr_pdl,8.98,1.27,0.05,exact
HIMS,2025-06-17,2025-06-17,59.27,56.27,65.89,1152,,,2025-06-23,48.14,stop_gap,3,-3.72,-12826.02,unr_ema8,8.37,7.89,0.42,exact
NBIS,2025-06-23,2025-06-23,47.5,44.86,55.04,1330,,,2025-06-25,48.5,trail_ema,2,0.37,1319.36,unr_pdl,7.68,4.03,0.18,exact
CRSP,2025-06-05,2025-06-05,38.59,36.93,39.38,2102,,,2025-06-27,47.47,time_stop,15,5.35,18659.4,unr_pdl,5.04,1.4,0.34,exact
PLTR,2025-06-06,2025-06-06,127.78,121.61,133.49,189,,,2025-06-27,130.67,trail_ema,14,0.47,546.36,unr_ema8,5.0,1.26,0.14,exact
CRDO,2025-06-11,2025-06-11,71.68,68.44,80.99,17,,,2025-07-01,87.55,trail_ema,13,4.91,269.8,unr_ema8,6.1,7.6,0.44,exact
IONQ,2025-06-26,2025-06-26,41.14,38.85,44.05,1554,,,2025-07-01,40.08,trail_ema,3,-0.46,-1648.19,unr_ema8,8.2,3.99,0.39,exact
LEU,2025-06-30,2025-06-30,183.27,162.59,211.31,181,,,2025-07-01,168.63,trail_ema,1,-0.71,-2650.91,unr_ema8,9.21,2.26,0.39,exact
ASTS,2025-07-02,2025-07-02,45.73,43.68,54.05,1852,,,2025-07-03,45.58,trail_ema,1,-0.08,-288.27,unr_pdl,9.09,14.21,0.38,exact
NBIS,2025-07-02,2025-07-02,49.99,48.69,55.04,1,,,2025-07-03,50.22,trail_ema,1,0.18,0.23,unr_pdl,8.27,4.89,0.05,exact
RDDT,2025-06-12,2025-06-12,116.26,110.54,121.98,135,,,2025-07-07,153.29,time_stop,15,6.47,4999.75,unr_pdl,5.82,1.92,0.28,exact
SMCI,2025-06-24,2025-06-24,42.86,40.96,43.97,167,,,2025-07-07,47.09,trail_ema,8,2.22,705.58,unr_ema21,5.05,1.42,0.31,exact
ASTS,2025-07-07,2025-07-07,45.71,43.86,54.05,2111,,,2025-07-08,45.44,trail_ema,1,-0.15,-581.74,unr_pdl,8.39,6.16,0.12,exact
UPST,2025-06-17,2025-06-17,53.43,52.13,52.93,1231,,,2025-07-10,78.99,time_stop,15,19.73,31469.02,unr_pdl,5.21,4.36,0.43,exact
RDDT,2025-07-09,2025-07-09,145.72,140.88,164.55,168,,,2025-07-10,142.93,trail_ema,1,-0.58,-469.45,unr_pdl,6.15,4.48,0.05,exact
FSLR,2025-07-09,2025-07-09,166.07,162.77,179.5,2,,,2025-07-10,165.01,trail_ema,1,-0.32,-2.13,unr_pdl,5.37,6.03,0.1,exact
RKLB,2025-06-18,2025-06-18,27.86,26.14,30.78,2063,,,2025-07-11,39.01,time_stop,15,6.46,22995.35,unr_ema8,6.96,4.58,0.48,exact
NNE,2025-07-10,2025-07-10,35.04,34.0,37.23,3436,,,2025-07-11,34.2,trail_ema,1,-0.8,-2867.75,unr_ema8,9.08,8.12,0.22,exact
IONQ,2025-07-14,2025-07-14,42.43,41.23,42.81,2838,,,2025-07-15,41.21,stop,1,-1.02,-3468.55,unr_pdl,7.26,1.92,0.22,exact
SMMT,2025-07-14,2025-07-14,25.41,24.56,25.94,48,,,2025-07-15,24.55,stop,1,-1.01,-41.38,unr_pdl,6.36,5.98,0.48,exact
HIMS,2025-07-16,2025-07-16,51.88,49.22,51.99,64,,,2025-07-17,49.97,trail_ema,1,-0.72,-122.3,unr_pdl,7.74,1.82,0.45,exact
CRDO,2025-07-02,2025-07-02,89.41,84.78,95.71,11,,,2025-07-18,93.42,trail_ema,11,0.86,44.09,unr_ema8,6.17,1.52,0.05,exact
HUT,2025-07-18,2025-07-18,21.63,20.84,23.56,50,,,2025-07-21,21.33,trail_ema,1,-0.38,-15.07,unr_pdl,7.04,3.26,0.1,exact
LEU,2025-07-09,2025-07-09,179.46,171.32,211.31,488,,,2025-07-22,215.72,trail_ema,9,4.45,17696.05,unr_ema8,8.96,5.7,0.14,exact
IONQ,2025-07-17,2025-07-17,44.86,42.98,44.05,70,,,2025-07-22,42.96,stop,3,-1.01,-133.51,unr_ema8,7.05,1.06,0.47,exact
KTOS,2025-07-02,2025-07-02,43.3,41.76,46.52,2321,,,2025-07-24,58.63,time_stop,15,9.92,35578.68,unr_pdl,5.56,4.27,0.27,exact
HUT,2025-07-22,2025-07-22,21.41,20.31,23.56,4197,,,2025-07-24,21.13,trail_ema,2,-0.26,-1180.49,unr_pdl,7.01,2.65,0.15,exact
ASTS,2025-07-11,2025-07-11,45.6,43.13,54.05,1701,,,2025-07-25,54.31,trail_ema,10,3.52,14807.27,unr_ema8,8.4,4.51,0.13,exact
IREN,2025-07-15,2025-07-15,16.89,16.26,18.54,6796,,,2025-07-25,17.71,trail_ema,8,1.3,5591.07,unr_pdl,9.3,3.92,0.12,exact
NBIS,2025-07-24,2025-07-24,52.19,50.86,55.04,3564,,,2025-07-25,51.34,trail_ema,1,-0.63,-3000.05,unr_ema8,6.62,3.83,0.13,exact
RKLB,2025-07-22,2025-07-22,46.9,44.31,53.44,4,,,2025-07-28,45.09,trail_ema,4,-0.7,-7.26,unr_pdl,7.82,2.59,0.01,exact
LCID,2025-07-25,2025-07-25,29.21,28.51,33.7,6499,,,2025-07-28,28.49,stop,1,-1.02,-4676.72,unr_pdl,7.21,7.79,0.06,exact
CRSP,2025-07-16,2025-07-16,55.17,53.25,62.0,1,,,2025-07-29,58.99,trail_ema,9,2.0,3.82,unr_ema8,6.06,5.08,0.15,exact
NNE,2025-07-23,2025-07-23,36.94,34.59,38.49,1,,,2025-07-29,35.43,trail_ema,4,-0.64,-1.51,unr_ema8,6.99,2.37,0.5,exact
HOOD,2025-07-25,2025-07-25,104.9,100.79,113.44,1114,,,2025-07-29,103.27,trail_ema,2,-0.4,-1820.37,unr_ema8,5.53,5.4,0.4,exact
NBIS,2025-07-28,2025-07-28,52.78,50.4,55.04,1918,,,2025-07-29,50.37,stop,1,-1.01,-4606.46,unr_pdl,6.23,4.04,0.46,exact
RDDT,2025-07-28,2025-07-28,151.68,147.18,150.39,1013,,,2025-07-29,147.1,stop,1,-1.02,-4631.91,unr_pdl,5.17,3.44,0.5,exact
ASTS,2025-07-29,2025-07-29,53.12,51.13,54.05,2217,,,2025-07-30,54.26,trail_ema,1,0.58,2541.37,unr_ema21,7.13,7.03,0.46,exact
LEU,2025-07-30,2025-07-30,225.3,215.22,250.88,441,,,2025-07-31,215.12,stop,1,-1.01,-4492.53,unr_pdl,7.68,3.64,0.15,exact
RKLB,2025-07-30,2025-07-30,46.46,43.22,53.44,1371,,,2025-07-31,45.9,trail_ema,1,-0.17,-776.23,unr_ema8,6.74,2.48,0.1,exact
OKLO,2025-07-22,2025-07-22,61.35,58.64,64.78,314,,,2025-08-01,71.45,trail_ema,8,3.73,3172.53,unr_ema21,8.42,10.94,0.46,exact
KTOS,2025-07-30,2025-07-30,58.04,56.17,61.43,2376,,,2025-08-01,56.14,stop,2,-1.01,-4518.64,unr_pdl,5.6,10.58,0.48,exact
NBIS,2025-07-30,2025-07-30,51.32,50.1,55.04,2327,,,2025-08-01,50.08,stop,2,-1.02,-2883.53,unr_ema21,6.01,8.14,0.22,exact
UPST,2025-08-01,2025-08-01,79.26,75.85,81.48,1266,,,2025-08-06,75.82,stop,3,-1.01,-4359.84,unr_ema21,5.94,2.83,0.42,exact
VKTX,2025-08-01,2025-08-01,32.7,31.71,35.4,4387,,,2025-08-06,31.7,stop,3,-1.02,-4382.06,unr_pdl,5.66,5.28,0.22,exact
NNE,2025-08-07,2025-08-07,36.92,35.66,38.49,3584,,,2025-08-08,35.64,stop,1,-1.01,-4583.92,unr_ema8,8.03,1.42,0.03,exact
LEU,2025-08-07,2025-08-07,235.06,221.37,250.88,330,,,2025-08-08,221.26,stop,1,-1.01,-4553.53,unr_pdl,7.9,2.38,0.28,exact
HOOD,2025-08-04,2025-08-04,106.42,96.89,113.44,467,,,2025-08-13,108.57,trail_ema,7,0.22,1000.55,unr_ema8,5.35,1.41,0.5,exact
NNE,2025-08-12,2025-08-12,36.84,34.71,38.49,2232,,,2025-08-13,36.07,trail_ema,1,-0.36,-1710.73,unr_ema8,7.91,1.31,0.17,exact
CRDO,2025-08-14,2025-08-14,117.39,114.25,118.95,1458,,,2025-08-15,114.2,stop,1,-1.02,-4652.53,unr_pdl,5.96,1.33,0.17,exact
NBIS,2025-08-01,2025-08-01,52.03,49.94,55.04,2066,,,2025-08-19,67.16,trail_ema,12,7.25,31259.42,unr_ema21,6.42,3.48,0.29,exact
KTOS,2025-08-04,2025-08-04,59.53,56.6,61.29,505,,,2025-08-19,63.99,trail_ema,11,1.52,2251.41,unr_ema8,5.73,2.31,0.49,exact
AFRM,2025-08-11,2025-08-11,73.01,69.63,73.11,1353,,,2025-08-19,73.82,trail_ema,6,0.24,1104.84,unr_pdl,5.15,1.15,0.49,exact
CRDO,2025-08-15,2025-08-15,116.8,112.2,118.95,1002,,,2025-08-19,112.15,stop,2,-1.01,-4661.46,unr_pdl,5.75,1.85,0.35,exact
APP,2025-08-18,2025-08-18,438.76,431.59,473.7,123,,,2025-08-19,430.42,stop_gap,1,-1.16,-1025.15,unr_ema8,5.24,9.38,0.14,exact
KTOS,2025-08-20,2025-08-20,64.3,60.53,72.7,1158,,,2025-08-21,64.75,trail_ema,1,0.12,515.86,unr_pdl,5.98,2.95,0.18,exact
NBIS,2025-08-20,2025-08-20,67.5,61.81,75.96,767,,,2025-08-21,66.15,trail_ema,1,-0.24,-1040.69,unr_pdl,6.7,2.22,0.31,exact
APP,2025-08-20,2025-08-20,412.59,384.12,473.7,153,,,2025-08-21,418.55,trail_ema,1,0.21,912.56,unr_pdl,5.4,2.83,0.23,exact
IREN,2025-08-21,2025-08-21,19.6,19.01,19.84,7456,,,2025-08-22,19.0,stop,1,-1.02,-4463.41,unr_ema8,8.05,4.08,0.3,exact
ALAB,2025-08-20,2025-08-20,172.54,160.88,199.47,374,,,2025-08-25,174.06,trail_ema,3,0.13,570.98,unr_pdl,6.74,3.23,0.24,exact
RDDT,2025-08-25,2025-08-25,219.84,211.95,253.14,465,,,2025-08-26,219.32,trail_ema,1,-0.07,-241.61,unr_pdl,6.19,18.13,0.45,exact
HOOD,2025-08-26,2025-08-26,108.85,104.8,109.06,938,,,2025-08-27,104.75,stop,1,-1.01,-3849.96,unr_pdl,6.12,2.71,0.45,exact
NBIS,2025-08-25,2025-08-25,70.06,67.03,75.96,1484,,,2025-08-29,68.29,trail_ema,4,-0.59,-2625.44,unr_ema8,6.94,5.28,0.36,exact
KTOS,2025-08-27,2025-08-27,67.95,66.33,72.7,1432,,,2025-08-29,66.3,stop,2,-1.02,-2375.4,unr_pdl,5.51,8.49,0.27,exact
ASTS,2025-08-28,2025-08-28,48.97,46.98,54.96,20,,,2025-08-29,46.95,stop,1,-1.01,-40.44,unr_pdl,6.96,5.58,0.23,exact
ALAB,2025-08-26,2025-08-26,178.65,173.62,199.47,6,,,2025-09-02,173.53,stop,4,-1.02,-30.72,unr_ema8,6.66,6.21,0.13,exact
RDDT,2025-08-29,2025-08-29,225.19,218.99,253.14,740,,,2025-09-02,218.88,stop,1,-1.02,-4671.76,unr_ema8,5.92,11.6,0.27,exact
IONQ,2025-09-02,2025-09-02,43.01,40.1,46.82,1548,,,2025-09-03,40.95,trail_ema,1,-0.71,-3191.95,unr_pdl,6.08,2.93,0.49,exact
ASTS,2025-09-02,2025-09-02,48.78,46.94,53.2,2445,,,2025-09-03,46.92,stop,1,-1.01,-4562.04,unr_ema8,6.79,2.85,0.06,exact
KTOS,2025-09-02,2025-09-02,66.12,62.85,69.91,115,,,2025-09-03,64.47,trail_ema,1,-0.51,-190.36,unr_pdl,5.47,1.53,0.13,exact
IONQ,2025-09-04,2025-09-04,42.13,40.67,43.73,3124,,,2025-09-05,40.65,stop,1,-1.01,-4624.33,unr_ema8,6.04,2.47,0.23,exact
IONQ,2025-09-05,2025-09-05,41.82,40.39,43.73,3121,,,2025-09-08,40.37,stop,1,-1.01,-4519.51,unr_pdl,5.93,7.41,0.43,exact
AFRM,2025-08-21,2025-08-21,74.53,71.6,79.69,847,,,2025-09-10,84.83,trail_ema,13,3.52,8724.38,unr_ema21,5.0,3.79,0.34,exact
TEM,2025-09-05,2025-09-05,79.66,75.33,78.99,626,,,2025-09-10,78.12,trail_ema,3,-0.36,-963.34,unr_ema8,8.25,1.25,0.46,exact
APP,2025-08-21,2025-08-21,418.97,407.7,473.7,389,,,2025-09-12,581.71,time_stop,15,14.44,63305.71,unr_ema21,5.54,16.61,0.33,exact
CRDO,2025-09-02,2025-09-02,124.33,115.8,128.56,1,,,2025-09-23,162.18,trail_ema,15,4.43,37.85,unr_pdl,6.44,1.45,0.45,exact
AFRM,2025-09-12,2025-09-12,83.12,79.18,93.2,1294,,,2025-09-23,82.69,trail_ema,7,-0.11,-560.18,unr_pdl,5.58,6.0,0.42,exact
CRDO,2025-09-23,2025-09-23,162.34,154.8,168.42,654,,,2025-09-24,154.73,stop,1,-1.01,-4980.13,unr_pdl,5.71,1.86,0.33,exact
HOOD,2025-09-15,2025-09-15,114.89,112.15,117.46,1951,,,2025-09-26,121.72,trail_ema,9,2.49,13328.63,unr_pdl,5.25,1.79,0.14,exact
IREN,2025-09-08,2025-09-08,26.2,25.28,30.01,4780,,,2025-09-29,45.91,time_stop,15,21.23,94184.83,unr_ema8,9.86,11.77,0.26,exact
LEU,2025-09-08,2025-09-08,204.78,197.54,215.29,6,,,2025-09-29,315.46,time_stop,15,15.29,664.08,unr_ema8,6.99,3.43,0.24,exact
QUBT,2025-09-25,2025-09-25,20.59,19.13,23.98,3998,,,2025-09-29,19.12,stop,2,-1.01,-5868.4,unr_pdl,9.22,4.59,0.37,exact
BMNR,2025-09-29,2025-09-29,53.23,51.48,55.72,3284,,,2025-09-30,51.45,stop,1,-1.01,-5850.43,unr_ema8,8.65,2.2,0.1,exact
NNE,2025-09-30,2025-09-30,38.58,37.41,39.3,4942,,,2025-10-01,39.09,trail_ema,1,0.44,2526.18,unr_ema21,7.49,1.53,0.15,exact
NBIS,2025-09-16,2025-09-16,89.47,87.79,100.51,170,,,2025-10-07,117.64,trail_ema,15,16.69,4788.29,unr_pdl,6.28,11.09,0.13,exact
BMNR,2025-10-08,2025-10-08,60.01,56.88,64.23,330,,,2025-10-09,56.86,stop,1,-1.01,-1041.44,unr_pdl,8.28,3.38,0.33,exact
NNE,2025-10-01,2025-10-01,39.13,37.57,39.3,2751,,,2025-10-10,45.81,trail_ema,7,4.27,18369.89,unr_ema21,7.29,1.55,0.32,exact
BMNR,2025-10-09,2025-10-09,59.11,56.28,64.23,318,,,2025-10-10,56.25,stop,1,-1.01,-910.18,unr_pdl,8.1,8.64,0.46,exact
SMR,2025-10-09,2025-10-09,40.63,38.27,43.11,4,,,2025-10-10,39.22,trail_ema,1,-0.6,-5.64,unr_ema8,8.41,3.04,0.36,exact
BMNR,2025-10-13,2025-10-13,56.86,52.46,64.23,1866,,,2025-10-14,52.44,stop,1,-1.01,-8254.46,unr_ema8,8.21,1.77,0.03,exact
TEM,2025-10-13,2025-10-13,94.52,91.62,97.79,397,,,2025-10-14,91.57,stop,1,-1.02,-1168.99,unr_pdl,6.57,1.7,0.1,exact
VKTX,2025-10-13,2025-10-13,33.93,33.04,42.23,13,,,2025-10-14,32.85,stop_gap,1,-1.21,-13.98,unr_pdl,6.27,67.15,0.44,exact
KTOS,2025-10-14,2025-10-14,95.35,90.53,112.57,1398,,,2025-10-15,90.48,stop,1,-1.01,-6799.93,unr_pdl,5.89,4.32,0.12,exact
IREN,2025-10-02,2025-10-02,47.04,44.79,49.39,23,,,2025-10-16,61.8,trail_ema,10,6.55,339.38,unr_pdl,8.68,3.03,0.34,exact
CRSP,2025-10-14,2025-10-14,69.41,64.58,78.48,19,,,2025-10-16,68.4,trail_ema,2,-0.21,-19.36,unr_pdl,6.65,3.19,0.34,exact
SMCI,2025-10-15,2025-10-15,53.97,52.73,58.78,2321,,,2025-10-16,53.81,trail_ema,1,-0.12,-357.18,unr_pdl,5.19,23.34,0.37,exact
TEM,2025-10-15,2025-10-15,91.96,88.52,91.06,13,,,2025-10-16,90.97,trail_ema,1,-0.29,-12.76,unr_ema21,6.66,2.72,0.47,exact
APLD,2025-09-26,2025-09-26,21.72,20.82,25.61,6165,,,2025-10-17,34.22,time_stop,15,13.81,77075.0,unr_pdl,8.39,7.2,0.21,exact
ASTS,2025-09-30,2025-09-30,49.1,47.34,53.2,630,,,2025-10-17,83.45,trail_ema,13,19.46,21636.54,unr_pdl,7.44,11.2,0.39,exact
QBTS,2025-10-01,2025-10-01,25.64,23.81,29.18,3305,,,2025-10-17,38.31,trail_ema,12,6.91,41867.82,unr_ema8,9.47,2.73,0.19,exact
DUOL,2025-10-16,2025-10-16,330.73,319.35,336.22,385,,,2025-10-17,323.86,trail_ema,1,-0.6,-2643.91,unr_ema21,5.58,4.6,0.47,exact
HUT,2025-09-30,2025-09-30,34.83,33.79,39.47,5559,,,2025-10-21,46.9,trail_ema,15,11.65,67092.3,unr_pdl,7.59,39.66,0.37,exact
VRT,2025-10-17,2025-10-17,173.94,169.71,184.29,1857,,,2025-10-22,169.63,stop,3,-1.02,-8014.29,unr_ema8,5.75,3.94,0.13,exact
CRSP,2025-10-17,2025-10-17,69.18,66.78,78.48,2767,,,2025-10-22,66.75,stop,3,-1.01,-6744.77,unr_pdl,6.64,10.25,0.3,exact
NTLA,2025-10-17,2025-10-17,24.76,23.9,26.99,78,,,2025-10-22,24.57,trail_ema,3,-0.22,-15.18,unr_pdl,9.45,3.1,0.05,exact
SMCI,2025-10-21,2025-10-21,54.85,53.78,58.78,4706,,,2025-10-22,53.75,stop,1,-1.03,-5146.72,unr_pdl,5.09,5.1,0.09,exact
AMD,2025-10-21,2025-10-21,238.15,233.51,240.1,10,,,2025-10-22,233.4,stop,1,-1.03,-47.51,unr_pdl,5.01,6.44,0.36,exact
NTLA,2025-10-23,2025-10-23,25.9,24.17,26.99,4419,,,2025-10-27,13.72,stop_gap,2,-7.03,-53822.58,unr_ema8,9.31,1.4,0.27,exact
RKLB,2025-10-27,2025-10-27,65.65,63.91,73.97,1382,,,2025-10-28,63.88,stop,1,-1.02,-2448.41,unr_ema8,7.83,13.17,0.21,exact
ASTS,2025-10-27,2025-10-27,79.49,74.13,102.79,11,,,2025-10-28,77.73,trail_ema,1,-0.33,-19.34,unr_ema8,9.88,6.43,0.2,exact
SOFI,2025-10-23,2025-10-23,28.09,27.12,29.8,7843,,,2025-10-30,29.02,trail_ema,5,0.94,7226.9,unr_ema8,6.21,3.41,0.22,exact
RIOT,2025-10-29,2025-10-29,22.18,20.97,23.93,3981,,,2025-10-30,20.96,stop,1,-1.01,-4860.89,unr_pdl,8.88,5.45,0.41,exact
ASTS,2025-10-29,2025-10-29,80.1,76.64,102.79,11,,,2025-10-30,76.6,stop,1,-1.01,-38.52,unr_ema8,9.79,13.72,0.22,exact
NBIS,2025-10-30,2025-10-30,124.24,117.29,135.76,1067,,,2025-11-03,120.41,trail_ema,2,-0.55,-4089.09,unr_ema8,8.12,6.2,0.46,exact
ARM,2025-10-31,2025-10-31,169.9,166.51,180.34,1044,,,2025-11-03,168.6,trail_ema,1,-0.39,-1366.87,unr_ema8,5.19,3.43,0.02,exact
VRT,2025-10-22,2025-10-22,171.54,162.09,184.29,801,,,2025-11-04,180.58,trail_ema,9,0.96,7246.16,unr_pdl,5.77,1.66,0.11,exact
AMD,2025-10-23,2025-10-23,235.11,228.01,240.1,1080,,,2025-11-04,249.92,trail_ema,8,2.09,16002.88,unr_ema8,5.08,3.3,0.39,exact
SOFI,2025-10-31,2025-10-31,29.69,28.4,29.8,63,,,2025-11-04,29.36,trail_ema,2,-0.26,-21.39,unr_pdl,6.5,1.42,0.39,exact
CCJ,2025-11-05,2025-11-05,95.1,92.57,97.6,2850,,,2025-11-06,92.53,stop,1,-1.02,-7339.62,unr_ema21,5.42,5.74,0.35,exact
CRDO,2025-11-05,2025-11-05,173.25,167.42,176.7,1237,,,2025-11-06,167.34,stop,1,-1.01,-7309.73,unr_ema8,8.0,6.34,0.38,exact
ALAB,2025-11-05,2025-11-05,182.03,172.12,201.86,726,,,2025-11-06,172.03,stop,1,-1.01,-7260.83,unr_pdl,6.99,3.13,0.22,exact
VRT,2025-11-05,2025-11-05,190.65,180.38,202.28,537,,,2025-11-06,180.29,stop,1,-1.01,-5564.73,unr_ema8,5.41,1.76,0.24,exact
VKTX,2025-11-06,2025-11-06,37.29,35.51,36.8,3891,,,2025-11-07,35.49,stop,1,-1.01,-7003.64,unr_ema8,6.69,1.05,0.5,exact
CRDO,2025-11-10,2025-11-10,170.25,163.87,176.7,1077,,,2025-11-11,163.79,stop,1,-1.01,-6952.83,unr_ema8,8.42,2.7,0.22,exact
VRT,2025-11-10,2025-11-10,187.78,184.15,202.28,1889,,,2025-11-11,183.76,stop_gap,1,-1.11,-7598.69,unr_ema8,5.2,9.11,0.19,exact
CRDO,2025-11-12,2025-11-12,160.42,153.51,176.7,972,,,2025-11-13,153.44,stop,1,-1.01,-6787.84,unr_pdl,7.78,5.17,0.26,exact
FSLR,2025-11-25,2025-11-25,260.49,252.88,264.79,874,,,2025-12-02,262.43,trail_ema,4,0.25,1694.3,unr_ema8,5.17,2.93,0.34,exact
MU,2025-12-01,2025-12-01,240.35,230.57,256.82,683,,,2025-12-03,230.45,stop,2,-1.01,-6755.87,unr_pdl,6.36,8.82,0.5,exact
MU,2025-12-03,2025-12-03,234.05,227.16,256.82,957,,,2025-12-04,227.04,stop,1,-1.02,-6704.81,unr_ema8,6.4,4.43,0.09,exact
SOFI,2025-12-04,2025-12-04,29.61,28.39,29.8,5346,,,2025-12-05,27.35,stop_gap,1,-1.84,-12100.58,unr_pdl,6.96,1.23,0.31,exact
VRT,2025-12-03,2025-12-03,178.89,172.11,180.73,973,,,2025-12-09,178.21,trail_ema,4,-0.1,-660.01,unr_ema8,6.19,1.47,0.31,exact
MRVL,2025-12-08,2025-12-08,91.93,88.58,91.09,1947,,,2025-12-09,88.54,stop,1,-1.01,-6616.63,unr_ema21,5.49,1.12,0.46,exact
CRDO,2025-12-08,2025-12-08,179.03,168.7,193.5,632,,,2025-12-09,168.62,stop,1,-1.01,-6579.42,unr_pdl,9.1,3.77,0.37,exact
NBIS,2025-12-08,2025-12-08,100.38,94.87,102.69,386,,,2025-12-09,96.36,trail_ema,1,-0.73,-1551.09,unr_pdl,9.6,4.88,0.48,exact
HOOD,2025-12-10,2025-12-10,135.73,133.07,140.2,2452,,,2025-12-11,131.71,stop_gap,1,-1.51,-9853.92,unr_pdl,6.22,13.15,0.29,exact
MRVL,2025-12-10,2025-12-10,92.4,89.81,97.45,188,,,2025-12-11,89.76,stop,1,-1.02,-496.31,unr_ema8,5.49,2.11,0.02,exact
MU,2025-12-05,2025-12-05,237.11,225.76,244.13,573,,,2025-12-12,240.78,trail_ema,5,0.32,2107.06,unr_ema8,6.37,1.72,0.32,exact
VKTX,2025-12-08,2025-12-08,38.0,36.13,39.57,11,,,2025-12-12,37.06,trail_ema,4,-0.5,-10.31,unr_ema8,6.5,3.28,0.45,exact
ASTS,2025-12-09,2025-12-09,72.88,69.56,72.36,1910,,,2025-12-15,69.52,stop,4,-1.01,-6410.05,unr_pdl,9.14,1.35,0.39,exact
GEV,2025-12-16,2025-12-16,685.29,668.25,729.65,358,,,2025-12-17,667.92,stop,1,-1.02,-6220.16,unr_pdl,5.07,10.16,0.37,exact
ASTS,2025-12-16,2025-12-16,68.4,64.95,72.36,1770,,,2025-12-17,64.92,stop,1,-1.01,-6166.3,unr_pdl,9.68,1.88,0.14,exact
RDDT,2025-12-16,2025-12-16,224.11,214.68,224.75,647,,,2025-12-23,225.71,trail_ema,5,0.17,1032.03,unr_ema21,5.64,1.31,0.43,exact
UPST,2025-12-24,2025-12-24,48.24,47.48,50.48,4248,,,2025-12-26,47.46,stop,1,-1.03,-3343.43,unr_pdl,5.26,12.68,0.22,exact
APP,2025-12-18,2025-12-18,694.72,672.38,726.83,270,,,2025-12-29,698.47,trail_ema,6,0.17,1013.42,unr_ema8,5.31,7.14,0.47,exact
ALAB,2025-12-23,2025-12-23,168.91,163.9,176.65,1215,,,2025-12-29,163.77,stop_gap,3,-1.03,-6252.8,unr_pdl,8.68,3.89,0.18,exact
MRNA,2025-12-29,2025-12-29,31.17,30.58,35.9,10030,,,2025-12-30,30.56,stop,1,-1.03,-6065.1,unr_pdl,5.14,9.89,0.06,exact
ALAB,2025-12-29,2025-12-29,170.19,160.17,175.39,590,,,2026-01-05,167.03,trail_ema,4,-0.32,-1866.53,unr_pdl,8.38,1.57,0.32,exact
ALAB,2026-01-07,2026-01-07,165.85,152.62,175.39,440,,,2026-01-08,156.65,trail_ema,1,-0.7,-4048.55,unr_ema21,7.54,1.02,0.16,exact
QBTS,2026-01-12,2026-01-12,28.81,27.4,29.15,4098,,,2026-01-15,28.71,trail_ema,3,-0.08,-445.7,unr_pdl,9.42,1.61,0.29,exact
OKLO,2026-01-14,2026-01-14,96.02,91.18,109.7,1260,,,2026-01-15,91.4,trail_ema,1,-0.95,-5813.28,unr_ema8,7.52,3.33,0.08,exact
LEU,2026-01-14,2026-01-14,307.72,284.95,326.36,267,,,2026-01-21,303.79,trail_ema,4,-0.17,-1050.85,unr_pdl,8.01,2.41,0.5,exact
ALAB,2026-01-14,2026-01-14,172.23,166.55,175.39,768,,,2026-01-21,166.47,stop,4,-1.01,-4424.48,unr_ema8,7.0,1.67,0.21,exact
HUT,2026-01-21,2026-01-21,58.97,54.85,62.91,1521,,,2026-01-22,55.09,trail_ema,1,-0.94,-5896.96,unr_ema8,8.66,1.27,0.12,exact
MRNA,2026-01-12,2026-01-12,33.86,32.28,35.9,3675,,,2026-01-27,45.43,trail_ema,10,7.34,42521.06,unr_ema8,5.64,1.89,0.17,exact
KTOS,2026-01-26,2026-01-26,111.38,106.43,134.0,1240,,,2026-01-28,112.61,trail_ema,2,0.25,1535.12,unr_pdl,6.68,13.28,0.44,exact
NNE,2026-01-28,2026-01-28,34.57,32.95,35.9,3753,,,2026-01-29,32.94,stop,1,-1.01,-6117.5,unr_ema8,9.55,1.2,0.09,exact
RKLB,2026-01-28,2026-01-28,88.61,85.69,89.87,2070,,,2026-01-29,85.65,stop,1,-1.01,-6143.7,unr_ema8,8.46,1.85,0.21,exact
MRNA,2026-01-28,2026-01-28,45.32,43.4,55.2,3156,,,2026-01-30,44.05,trail_ema,2,-0.66,-4022.9,unr_pdl,7.52,6.25,0.09,exact
RKLB,2026-01-29,2026-01-29,85.72,82.66,89.87,1951,,,2026-01-30,82.62,stop,1,-1.01,-6062.5,unr_ema21,8.52,13.6,0.37,exact
VRT,2026-02-02,2026-02-02,190.02,181.47,189.58,682,,,2026-02-04,181.38,stop,2,-1.01,-5891.09,unr_pdl,5.14,1.0,0.49,exact
HUT,2026-02-03,2026-02-03,59.05,55.65,62.54,1715,,,2026-02-04,55.62,stop,1,-1.01,-5881.59,unr_ema8,8.62,1.29,0.08,exact
MRNA,2026-02-04,2026-02-04,42.79,41.37,55.2,4020,,,2026-02-05,41.35,stop,1,-1.01,-5798.03,unr_ema21,7.81,30.2,0.3,exact
CCJ,2026-02-09,2026-02-09,120.74,113.91,135.24,828,,,2026-02-10,118.03,trail_ema,1,-0.4,-2243.37,unr_ema8,5.34,3.47,0.32,exact
NBIS,2026-02-24,2026-02-24,102.63,97.37,101.85,1085,,,2026-02-27,97.32,stop,3,-1.01,-5766.49,unr_ema8,8.76,1.46,0.44,exact
MU,2026-02-26,2026-02-26,415.53,400.41,438.52,171,,,2026-02-27,411.93,trail_ema,1,-0.24,-615.92,unr_ema21,6.7,8.41,0.41,exact
ARM,2026-02-24,2026-02-24,128.2,123.68,130.4,1263,,,2026-03-02,123.26,stop_gap,4,-1.09,-6246.46,unr_ema8,5.68,3.52,0.46,exact
VRT,2026-02-20,2026-02-20,243.76,237.47,255.43,896,,,2026-03-03,237.36,stop,7,-1.02,-5740.96,unr_pdl,6.12,8.24,0.35,exact
VKTX,2026-02-26,2026-02-26,32.99,31.53,34.38,23,,,2026-03-03,31.51,stop,3,-1.01,-33.94,unr_ema8,6.4,2.96,0.39,exact
ASTS,2026-04-10,2026-04-10,94.95,91.34,97.4,1513,,,2026-04-14,91.3,stop,2,-1.01,-5519.64,unr_ema8,9.21,13.09,0.4,exact
ASTS,2026-04-16,2026-04-16,90.99,86.09,97.4,1135,,,2026-04-17,86.04,stop,1,-1.01,-5607.76,unr_ema21,9.69,1.63,0.07,exact
NNE,2026-04-20,2026-04-20,25.54,24.18,28.27,4167,,,2026-04-21,24.17,stop,1,-1.01,-5716.88,unr_pdl,7.3,5.52,0.47,exact
MRNA,2026-04-21,2026-04-21,54.26,51.55,54.68,2073,,,2026-04-23,52.82,trail_ema,2,-0.53,-2971.73,unr_pdl,5.28,1.13,0.46,exact
APP,2026-04-23,2026-04-23,454.4,441.13,449.48,341,,,2026-04-24,440.91,stop,1,-1.02,-4598.2,unr_ema21,6.24,2.97,0.44,exact
COIN,2026-04-24,2026-04-24,199.87,196.01,213.47,744,,,2026-04-27,195.91,stop,1,-1.03,-2945.34,unr_ema8,5.85,8.25,0.18,exact
UPST,2026-04-24,2026-04-24,33.51,32.47,35.8,49,,,2026-04-28,32.45,stop,2,-1.02,-51.55,unr_ema8,5.52,7.27,0.39,exact
QBTS,2026-04-27,2026-04-27,18.81,17.84,19.61,6520,,,2026-04-28,17.83,stop,1,-1.01,-6381.15,unr_ema21,8.63,4.38,0.45,exact
NBIS,2026-04-27,2026-04-27,145.03,138.03,167.43,158,,,2026-04-28,137.96,stop,1,-1.01,-1117.09,unr_ema21,8.2,8.1,0.35,exact
RDDT,2026-04-27,2026-04-27,160.29,153.67,168.7,1,,,2026-04-28,152.94,stop_gap,1,-1.11,-7.35,unr_ema8,5.3,3.06,0.38,exact
ARM,2026-04-08,2026-04-08,148.98,144.63,158.37,1251,,,2026-04-29,201.59,time_stop,15,12.08,65808.48,unr_ema8,5.41,5.49,0.29,exact
CIFR,2026-04-28,2026-04-28,17.27,16.41,20.24,6945,,,2026-04-29,16.91,trail_ema,1,-0.42,-2479.99,unr_ema21,8.59,4.43,0.11,exact
COIN,2026-04-28,2026-04-28,194.2,188.23,213.47,101,,,2026-04-29,187.18,stop_gap,1,-1.18,-709.09,unr_ema21,5.74,6.25,0.23,exact
MSTR,2026-04-28,2026-04-28,165.79,159.27,183.25,1,,,2026-04-29,159.19,stop,1,-1.01,-6.6,unr_ema8,5.72,3.08,0.07,exact
CVNA,2026-04-28,2026-04-28,81.32,78.69,83.38,2,,,2026-04-29,78.65,stop,1,-1.01,-5.35,unr_pdl,5.54,2.72,0.35,exact
NET,2026-04-23,2026-04-23,205.1,197.87,225.13,9,,,2026-04-30,204.87,trail_ema,5,-0.03,-2.11,unr_ema8,6.75,5.8,0.25,exact
CRDO,2026-04-29,2026-04-29,175.86,164.47,198.97,33,,,2026-04-30,173.92,trail_ema,1,-0.17,-63.85,unr_ema8,7.66,2.46,0.12,exact
RKLB,2026-04-30,2026-04-30,82.55,77.21,93.1,1,,,2026-05-01,78.77,trail_ema,1,-0.71,-3.78,unr_ema8,7.14,3.29,0.3,exact
UPST,2026-04-30,2026-04-30,31.6,30.22,35.8,2,,,2026-05-04,32.06,trail_ema,2,0.34,0.94,unr_ema21,5.48,5.26,0.29,exact
OKLO,2026-05-01,2026-05-01,70.44,68.19,74.21,1,,,2026-05-04,68.57,trail_ema,1,-0.83,-1.87,unr_ema8,9.32,3.41,0.15,exact
MRVL,2026-04-29,2026-04-29,156.65,150.95,170.84,1055,,,2026-05-07,159.93,trail_ema,6,0.58,3462.19,unr_ema8,5.25,6.74,0.44,exact
AFRM,2026-04-29,2026-04-29,63.51,60.95,68.74,2,,,2026-05-08,63.98,trail_ema,7,0.18,0.93,unr_pdl,5.32,3.09,0.21,exact
CVNA,2026-05-07,2026-05-07,80.04,77.38,83.38,2086,,,2026-05-08,77.34,stop,1,-1.01,-5641.21,unr_ema8,5.41,6.65,0.46,exact
RDDT,2026-05-07,2026-05-07,164.03,159.19,168.7,10,,,2026-05-08,159.11,stop,1,-1.02,-49.23,unr_pdl,5.34,1.83,0.17,exact
MU,2026-04-20,2026-04-20,448.58,434.63,471.07,406,,,2026-05-11,794.81,time_stop,15,24.82,140571.36,unr_ema8,6.38,6.02,0.35,exact
CIFR,2026-05-08,2026-05-08,20.56,19.72,20.24,7856,,,2026-05-11,19.71,stop,1,-1.01,-6690.46,unr_ema8,9.14,2.55,0.42,exact
QBTS,2026-05-08,2026-05-08,22.58,21.34,22.49,72,,,2026-05-12,21.33,stop,2,-1.01,-90.19,unr_pdl,8.52,1.44,0.47,exact
WULF,2026-05-11,2026-05-11,23.38,22.04,25.76,5987,,,2026-05-12,22.03,stop,1,-1.01,-8078.45,unr_pdl,7.39,4.34,0.41,exact
ARM,2026-05-11,2026-05-11,212.76,205.45,237.68,1097,,,2026-05-12,204.67,stop_gap,1,-1.11,-8873.3,unr_pdl,6.42,4.81,0.13,exact
ALAB,2026-05-11,2026-05-11,207.45,195.19,214.24,497,,,2026-05-12,195.09,stop,1,-1.01,-6144.29,unr_ema8,7.43,1.64,0.36,exact
MSTR,2026-04-30,2026-04-30,165.53,158.58,183.25,45,,,2026-05-13,177.94,trail_ema,9,1.78,558.37,unr_ema8,5.76,3.54,0.17,exact
SMCI,2026-05-04,2026-05-04,27.93,27.27,29.49,5,,,2026-05-13,31.98,trail_ema,7,6.11,20.25,unr_ema8,5.29,9.97,0.32,exact
COIN,2026-05-12,2026-05-12,207.74,199.62,208.88,975,,,2026-05-13,199.52,stop,1,-1.01,-8021.04,unr_ema8,6.07,2.27,0.45,exact
COIN,2026-05-13,2026-05-13,201.9,196.93,208.88,994,,,2026-05-14,196.83,stop,1,-1.02,-5036.44,unr_pdl,5.89,2.66,0.14,exact
QBTS,2026-05-13,2026-05-13,21.45,20.62,22.49,94,,,2026-05-14,20.6,stop,1,-1.01,-79.51,unr_pdl,8.47,6.08,0.33,exact
NNE,2026-05-13,2026-05-13,27.06,26.23,28.33,1,,,2026-05-14,26.22,stop,1,-1.02,-0.84,unr_ema8,9.54,4.82,0.2,exact
WULF,2026-05-12,2026-05-12,22.81,21.56,25.76,6352,,,2026-05-15,22.31,trail_ema,3,-0.4,-3192.25,unr_pdl,7.42,6.53,0.44,exact
ARM,2026-05-12,2026-05-12,208.02,200.24,237.68,516,,,2026-05-15,209.06,trail_ema,3,0.13,532.24,unr_pdl,6.62,5.41,0.14,exact
RIOT,2026-05-14,2026-05-14,24.63,23.81,25.86,7942,,,2026-05-15,23.7,stop_gap,1,-1.13,-7403.27,unr_pdl,6.16,7.37,0.47,exact
HUT,2026-04-29,2026-04-29,71.04,69.07,83.18,3064,,,2026-05-18,96.15,trail_ema,13,12.8,76956.64,unr_pdl,7.11,32.1,0.33,exact
MRVL,2026-05-12,2026-05-12,164.58,157.53,170.84,7,,,2026-05-18,168.85,trail_ema,4,0.6,29.84,unr_pdl,5.64,1.68,0.23,exact
MSTR,2026-05-15,2026-05-15,177.51,173.13,183.25,1722,,,2026-05-18,169.1,stop_gap,1,-1.92,-14487.71,unr_pdl,5.64,5.69,0.29,exact
RIOT,2026-05-18,2026-05-18,23.19,22.45,25.86,9731,,,2026-05-19,22.44,stop,1,-1.02,-7319.9,unr_pdl,5.93,4.42,0.08,exact
CORZ,2026-05-18,2026-05-18,23.58,22.55,25.01,7000,,,2026-05-19,22.54,stop,1,-1.01,-7288.69,unr_pdl,5.93,2.0,0.16,exact
SMCI,2026-05-18,2026-05-18,30.87,29.43,36.37,5015,,,2026-05-19,30.54,trail_ema,1,-0.22,-1608.34,unr_pdl,6.22,4.73,0.11,exact
HUT,2026-05-19,2026-05-19,93.36,86.48,111.33,1031,,,2026-05-20,96.46,trail_ema,1,0.45,3201.35,unr_pdl,7.56,3.13,0.12,exact
CORZ,2026-05-19,2026-05-19,22.93,21.75,25.01,6014,,,2026-05-20,23.17,trail_ema,1,0.2,1425.02,unr_pdl,5.84,2.78,0.24,exact
APP,2026-05-20,2026-05-20,482.52,459.59,491.99,84,,,2026-05-22,481.44,trail_ema,2,-0.05,-90.89,unr_pdl,6.22,1.38,0.32,exact
AFRM,2026-05-20,2026-05-20,67.15,63.13,68.74,11,,,2026-05-22,65.19,trail_ema,2,-0.49,-21.63,unr_ema8,5.53,1.12,0.38,exact
CART,2026-05-22,2026-05-22,41.24,40.0,41.72,10,,,2026-05-26,40.51,trail_ema,1,-0.59,-7.31,unr_ema8,5.05,1.79,0.3,exact
DUOL,2026-05-29,2026-05-29,111.42,106.21,115.93,1,,,2026-06-02,109.9,trail_ema,2,-0.29,-1.52,unr_ema8,5.69,2.79,0.43,exact
IONQ,2026-05-20,2026-05-20,52.5,48.13,59.15,1720,,,2026-06-04,65.63,trail_ema,10,3.01,22585.21,unr_ema8,9.35,2.22,0.21,exact
ARM,2026-05-18,2026-05-18,215.23,202.31,237.68,557,,,2026-06-05,342.76,trail_ema,13,9.87,71034.75,unr_pdl,6.86,4.71,0.48,exact
RIOT,2026-05-19,2026-05-19,22.66,21.67,25.86,7187,,,2026-06-05,24.65,trail_ema,12,2.02,14311.81,unr_pdl,5.97,3.99,0.11,exact
AMD,2026-05-19,2026-05-19,414.26,392.26,469.22,322,,,2026-06-05,466.15,trail_ema,12,2.36,16708.52,unr_pdl,5.92,3.17,0.15,exact
MU,2026-05-20,2026-05-20,732.24,698.42,818.54,221,,,2026-06-05,863.45,trail_ema,11,3.88,28995.6,unr_ema8,6.81,5.61,0.36,exact
WULF,2026-05-22,2026-05-22,22.83,21.8,25.76,1785,,,2026-06-05,23.99,trail_ema,9,1.13,2064.51,unr_ema8,7.1,5.04,0.24,exact
NBIS,2026-05-27,2026-05-27,208.47,197.47,226.81,1,,,2026-06-05,227.7,trail_ema,7,1.75,19.22,unr_pdl,9.32,2.58,0.16,exact
CIFR,2026-06-04,2026-06-04,25.56,24.07,25.56,4379,,,2026-06-05,24.06,stop,1,-1.01,-6585.09,unr_ema8,9.44,1.74,0.47,exact
UPST,2026-06-04,2026-06-04,32.29,30.23,33.23,35,,,2026-06-05,30.22,stop,1,-1.01,-72.49,unr_ema8,6.31,1.16,0.36,exact
RIOT,2026-06-08,2026-06-08,25.7,24.23,25.86,5828,,,2026-06-09,24.22,stop,1,-1.01,-8654.66,unr_ema21,6.49,1.19,0.45,exact
IREN,2026-06-08,2026-06-08,59.22,54.89,65.61,1982,,,2026-06-09,54.86,stop,1,-1.01,-8637.76,unr_ema21,9.08,1.99,0.14,exact
HOOD,2026-06-08,2026-06-08,85.08,82.57,93.32,3422,,,2026-06-09,82.53,stop,1,-1.02,-8724.21,unr_ema8,6.15,4.26,0.09,exact
SMCI,2026-06-08,2026-06-08,44.01,42.04,51.4,4361,,,2026-06-09,42.02,stop,1,-1.01,-8672.37,unr_ema8,7.3,4.34,0.07,exact
ALAB,2026-06-08,2026-06-08,346.5,326.72,372.37,309,,,2026-06-09,326.56,stop,1,-1.01,-6163.29,unr_ema8,9.73,4.09,0.41,exact
ARM,2026-06-09,2026-06-09,325.02,296.96,427.99,291,,,2026-06-10,307.28,trail_ema,1,-0.63,-5164.13,unr_ema21,9.69,7.09,0.41,exact
MU,2026-06-09,2026-06-09,936.21,851.25,1089.12,96,,,2026-06-10,891.3,trail_ema,1,-0.53,-4312.03,unr_pdl,7.28,2.65,0.33,exact
UPST,2026-06-09,2026-06-09,31.08,29.55,33.23,5365,,,2026-06-10,30.28,trail_ema,1,-0.52,-4242.0,unr_ema21,6.77,2.01,0.15,exact
HIMS,2026-06-08,2026-06-08,27.18,25.87,28.42,41,,,2026-06-12,26.81,trail_ema,4,-0.29,-15.46,unr_ema8,7.34,2.06,0.26,exact
SNOW,2026-06-09,2026-06-09,239.78,229.04,284.99,760,,,2026-06-12,232.66,trail_ema,3,-0.66,-5408.33,unr_pdl,5.53,5.23,0.15,exact
CRWD,2026-06-11,2026-06-11,172.97,159.81,196.41,621,,,2026-06-16,169.79,trail_ema,3,-0.24,-1975.64,unr_ema8,5.48,2.63,0.34,exact
TEM,2026-06-18,2026-06-18,50.87,48.67,54.75,2053,,,2026-06-22,48.64,stop,1,-1.01,-4565.38,unr_ema8,7.78,4.05,0.26,exact
SNOW,2026-06-18,2026-06-18,232.41,219.04,248.64,4,,,2026-06-22,226.48,trail_ema,1,-0.44,-23.72,unr_pdl,5.68,1.56,0.13,exact
AMD,2026-06-11,2026-06-11,488.69,456.63,527.2,255,,,2026-06-23,519.59,trail_ema,7,0.96,7878.43,unr_ema8,6.08,1.46,0.11,exact
ARM,2026-06-11,2026-06-11,342.4,308.68,427.99,242,,,2026-06-23,366.21,trail_ema,7,0.71,5760.98,unr_ema8,9.97,2.65,0.03,exact
HUT,2026-06-12,2026-06-12,118.92,114.53,140.8,18,,,2026-06-23,113.16,stop_gap,6,-1.31,-103.61,unr_ema8,8.95,10.21,0.2,exact
HOOD,2026-06-09,2026-06-09,83.81,78.68,93.32,1594,,,2026-06-24,97.14,trail_ema,10,2.6,21247.26,unr_pdl,6.31,2.54,0.19,exact
CORZ,2026-06-11,2026-06-11,27.23,25.54,30.46,4826,,,2026-06-24,27.78,trail_ema,8,0.32,2618.09,unr_ema8,6.41,2.58,0.19,exact
CLSK,2026-06-12,2026-06-12,16.49,15.93,17.25,13121,,,2026-06-24,15.92,stop,7,-1.01,-7390.29,unr_ema8,8.74,2.77,0.15,exact
AMD,2026-06-24,2026-06-24,520.0,502.06,527.2,469,,,2026-06-26,521.32,trail_ema,2,0.07,618.78,unr_pdl,5.92,4.29,0.45,exact
RIOT,2026-06-30,2026-06-30,27.39,26.2,28.94,1043,,,2026-07-01,26.18,stop,1,-1.01,-1261.51,unr_ema21,7.96,2.74,0.22,exact
SNOW,2026-07-02,2026-07-02,260.28,253.52,284.99,104,,,2026-07-06,253.39,stop,1,-1.02,-716.69,unr_pdl,5.58,27.76,0.43,exact
UPST,2026-06-24,2026-06-24,32.67,31.31,33.23,6224,,,2026-07-07,33.04,trail_ema,8,0.28,2347.34,unr_ema8,7.11,3.49,0.42,exact
AFRM,2026-06-23,2026-06-23,71.87,69.41,75.22,3483,,,2026-07-08,81.24,trail_ema,10,3.82,32647.7,unr_pdl,5.95,1.47,0.02,exact
HIMS,2026-06-25,2026-06-25,32.73,30.17,35.99,1555,,,2026-07-09,35.43,trail_ema,9,1.06,4207.71,unr_pdl,8.44,3.02,0.46,exact
SNOW,2026-07-08,2026-07-08,261.44,254.25,284.99,8,,,2026-07-09,254.12,stop,1,-1.02,-58.57,unr_ema8,5.48,16.19,0.41,exact
